X,Y,OBJECTID,Province_State,Country_Region,Last_Update,Lat,Long_,Confirmed,Recovered,Deaths,Active,Admin2,FIPS,Combined_Key
67.709953,33.93911,1,,Afghanistan,2022/09/11 05:20:45+00,33.93911,67.709953,195631,0,7787,0,,,Afghanistan
20.1683,41.1533000000001,2,,Albania,2022/09/11 05:20:45+00,41.1533,20.1683,330948,0,3584,0,,,Albania
1.65960000000007,28.0339000000001,3,,Algeria,2022/09/11 05:20:45+00,28.0339,1.6596,270532,0,6879,0,,,Algeria
1.52180000000004,42.5063000000001,4,,Andorra,2022/09/11 05:20:45+00,42.5063,1.5218,46113,0,155,0,,,Andorra
17.8739,-11.2026999999999,5,,Angola,2022/09/11 05:20:45+00,-11.2027,17.8739,103131,0,1917,0,,,Angola
23.347,-71.9499,6,,Antarctica,2022/09/11 05:20:45+00,-71.9499,23.347,11,0,0,0,,,Antarctica
-61.7963999999999,17.0608,7,,Antigua and Barbuda,2022/09/11 05:20:45+00,17.0608,-61.7964,8974,0,145,0,,,Antigua and Barbuda
-63.6167,-38.4161,8,,Argentina,2022/09/11 05:20:45+00,-38.4161,-63.6167,9689861,0,129769,0,,,Argentina
45.0382000000001,40.0691,9,,Armenia,2022/09/11 05:20:45+00,40.0691,45.0382,436727,0,8662,0,,,Armenia
149.0124,-35.4734999999999,10,Australian Capital Territory,Australia,2022/09/11 05:20:45+00,-35.4735,149.0124,203680,0,125,0,,,"Australian Capital Territory, Australia"
151.2093,-33.8688,11,New South Wales,Australia,2022/09/11 05:20:45+00,-33.8688,151.2093,3463759,0,5046,0,,,"New South Wales, Australia"
130.8456,-12.4634,12,Northern Territory,Australia,2022/09/11 05:20:45+00,-12.4634,130.8456,96447,0,70,0,,,"Northern Territory, Australia"
153.0251,-27.4698,13,Queensland,Australia,2022/09/11 05:20:45+00,-27.4698,153.0251,1620034,0,2048,0,,,"Queensland, Australia"
138.6007,-34.9284999999999,14,South Australia,Australia,2022/09/11 05:20:45+00,-34.9285,138.6007,758840,0,860,0,,,"South Australia, Australia"
147.3272,-42.8821,15,Tasmania,Australia,2022/09/11 05:20:45+00,-42.8821,147.3272,246706,0,182,0,,,"Tasmania, Australia"
144.9631,-37.8136,16,Victoria,Australia,2022/09/11 05:20:45+00,-37.8136,144.9631,2586290,0,5469,0,,,"Victoria, Australia"
115.8605,-31.9505,17,Western Australia,Australia,2022/09/11 05:20:45+00,-31.9505,115.8605,1139054,0,626,0,,,"Western Australia, Australia"
14.5501,47.5162,18,,Austria,2022/09/11 05:20:45+00,47.5162,14.5501,4984809,0,20678,0,,,Austria
47.5769000000001,40.1431000000001,19,,Azerbaijan,2022/09/11 05:20:45+00,40.1431,47.5769,817596,0,9852,0,,,Azerbaijan
-78.0358889999999,25.0258850000001,20,,Bahamas,2022/09/11 05:20:45+00,25.025885,-78.035889,37125,0,823,0,,,Bahamas
50.5500000000001,26.0275,21,,Bahrain,2022/09/11 05:20:45+00,26.0275,50.55,673693,0,1518,0,,,Bahrain
90.3563,23.6850000000001,22,,Bangladesh,2022/09/11 05:20:45+00,23.685,90.3563,2014577,0,29332,0,,,Bangladesh
-59.5432,13.1939,23,,Barbados,2022/09/11 05:20:45+00,13.1939,-59.5432,101850,0,556,0,,,Barbados
27.9534,53.7098,24,,Belarus,2022/09/11 05:20:45+00,53.7098,27.9534,994037,0,7118,0,,,Belarus
4.40240000000006,51.2195,25,Antwerp,Belgium,2022/09/11 05:20:45+00,51.2195,4.4024,724170,0,0,0,,,"Antwerp, Belgium"
4.35170000000005,50.8503000000001,26,Brussels,Belgium,2022/09/11 05:20:45+00,50.8503,4.3517,486779,0,0,0,,,"Brussels, Belgium"
3.73730000000006,51.0362000000001,27,East Flanders,Belgium,2022/09/11 05:20:45+00,51.0362,3.7373,609374,0,0,0,,,"East Flanders, Belgium"
4.58330000000007,50.9167,28,Flemish Brabant,Belgium,2022/09/11 05:20:45+00,50.9167,4.5833,439232,0,0,0,,,"Flemish Brabant, Belgium"
4.06210000000004,50.5257,29,Hainaut,Belgium,2022/09/11 05:20:45+00,50.5257,4.0621,494027,0,0,0,,,"Hainaut, Belgium"
5.84920000000005,50.4496,30,Liege,Belgium,2022/09/11 05:20:45+00,50.4496,5.8492,401822,0,0,0,,,"Liege, Belgium"
5.34200000000004,50.9739000000001,31,Limburg,Belgium,2022/09/11 05:20:45+00,50.9739,5.342,331402,0,0,0,,,"Limburg, Belgium"
5.46770000000004,50.0547,32,Luxembourg,Belgium,2022/09/11 05:20:45+00,50.0547,5.4677,116359,0,0,0,,,"Luxembourg, Belgium"
4.82210000000003,50.3310000000001,33,Namur,Belgium,2022/09/11 05:20:45+00,50.331,4.8221,192313,0,0,0,,,"Namur, Belgium"
,,34,Unknown,Belgium,2022/09/11 05:20:45+00,,,60821,0,32575,0,,,"Unknown, Belgium"
4.35000000000002,50.4,35,Walloon Brabant,Belgium,2022/09/11 05:20:45+00,50.4,4.35,165055,0,0,0,,,"Walloon Brabant, Belgium"
3.14580000000007,51.0536000000001,36,West Flanders,Belgium,2022/09/11 05:20:45+00,51.0536,3.1458,475845,0,0,0,,,"West Flanders, Belgium"
-88.4976,17.1899,37,,Belize,2022/09/11 05:20:45+00,17.1899,-88.4976,68473,0,680,0,,,Belize
2.31580000000002,9.30770000000007,38,,Benin,2022/09/11 05:20:45+00,9.3077,2.3158,27490,0,163,0,,,Benin
90.4336000000001,27.5142000000001,39,,Bhutan,2022/09/11 05:20:45+00,27.5142,90.4336,61233,0,21,0,,,Bhutan
-63.5887,-16.2902,40,,Bolivia,2022/09/11 05:20:45+00,-16.2902,-63.5887,1105812,0,22216,0,,,Bolivia
17.6791000000001,43.9159000000001,41,,Bosnia and Herzegovina,2022/09/11 05:20:45+00,43.9159,17.6791,397098,0,16090,0,,,Bosnia and Herzegovina
24.6849,-22.3285,42,,Botswana,2022/09/11 05:20:45+00,-22.3285,24.6849,325931,0,2786,0,,,Botswana
-70.812,-9.02379999999994,43,Acre,Brazil,2022/09/11 05:20:45+00,-9.0238,-70.812,149378,0,2027,0,,,"Acre, Brazil"
-36.782,-9.57129999999995,44,Alagoas,Brazil,2022/09/11 05:20:45+00,-9.5713,-36.782,320552,0,7118,0,,,"Alagoas, Brazil"
-52.003,0.902,45,Amapa,Brazil,2022/09/11 05:20:45+00,0.902,-52.003,178178,0,2159,0,,,"Amapa, Brazil"
-65.8561,-3.41679999999997,46,Amazonas,Brazil,2022/09/11 05:20:45+00,-3.4168,-65.8561,614752,0,14304,0,,,"Amazonas, Brazil"
-41.7007,-12.5796999999999,47,Bahia,Brazil,2022/09/11 05:20:45+00,-12.5797,-41.7007,1689830,0,30675,0,,,"Bahia, Brazil"
-39.3206,-5.49839999999995,48,Ceara,Brazil,2022/09/11 05:20:45+00,-5.4984,-39.3206,1382048,0,27609,0,,,"Ceara, Brazil"
-47.8645,-15.7997999999999,49,Distrito Federal,Brazil,2022/09/11 05:20:45+00,-15.7998,-47.8645,837928,0,11825,0,,,"Distrito Federal, Brazil"
-40.3088999999999,-19.1833999999999,50,Espirito Santo,Brazil,2022/09/11 05:20:45+00,-19.1834,-40.3089,1214891,0,14803,0,,,"Espirito Santo, Brazil"
-49.8362,-15.8269999999999,51,Goias,Brazil,2022/09/11 05:20:45+00,-15.827,-49.8362,1685781,0,27505,0,,,"Goias, Brazil"
-45.2744,-4.96089999999998,52,Maranhao,Brazil,2022/09/11 05:20:45+00,-4.9609,-45.2744,469805,0,10988,0,,,"Maranhao, Brazil"
-56.9211,-12.6818999999999,53,Mato Grosso,Brazil,2022/09/11 05:20:45+00,-12.6819,-56.9211,827903,0,14935,0,,,"Mato Grosso, Brazil"
-54.7852,-20.7721999999999,54,Mato Grosso do Sul,Brazil,2022/09/11 05:20:45+00,-20.7722,-54.7852,578853,0,10818,0,,,"Mato Grosso do Sul, Brazil"
-44.5549999999999,-18.5122,55,Minas Gerais,Brazil,2022/09/11 05:20:45+00,-18.5122,-44.555,3874629,0,63659,0,,,"Minas Gerais, Brazil"
-54.9306,-1.99809999999997,56,Para,Brazil,2022/09/11 05:20:45+00,-1.9981,-54.9306,834883,0,18812,0,,,"Para, Brazil"
-36.782,-7.23999999999995,57,Paraiba,Brazil,2022/09/11 05:20:45+00,-7.24,-36.782,651816,0,10400,0,,,"Paraiba, Brazil"
-52.0214999999999,-25.2520999999999,58,Parana,Brazil,2022/09/11 05:20:45+00,-25.2521,-52.0215,2740391,0,45182,0,,,"Parana, Brazil"
-36.9541,-8.81369999999993,59,Pernambuco,Brazil,2022/09/11 05:20:45+00,-8.8137,-36.9541,1052904,0,22240,0,,,"Pernambuco, Brazil"
-42.7289,-7.71829999999994,60,Piaui,Brazil,2022/09/11 05:20:45+00,-7.7183,-42.7289,400100,0,7944,0,,,"Piaui, Brazil"
-36.9541,-5.40259999999995,61,Rio Grande do Norte,Brazil,2022/09/11 05:20:45+00,-5.4026,-36.9541,552885,0,8449,0,,,"Rio Grande do Norte, Brazil"
-51.2177,-30.0346,62,Rio Grande do Sul,Brazil,2022/09/11 05:20:45+00,-30.0346,-51.2177,2721406,0,40935,0,,,"Rio Grande do Sul, Brazil"
-43.1729,-22.9068,63,Rio de Janeiro,Brazil,2022/09/11 05:20:45+00,-22.9068,-43.1729,2500526,0,75558,0,,,"Rio de Janeiro, Brazil"
-63.5805999999999,-11.5056999999999,64,Rondonia,Brazil,2022/09/11 05:20:45+00,-11.5057,-63.5806,455188,0,7354,0,,,"Rondonia, Brazil"
-62.0751,-2.73759999999993,65,Roraima,Brazil,2022/09/11 05:20:45+00,-2.7376,-62.0751,174921,0,2173,0,,,"Roraima, Brazil"
-50.2189,-27.2422999999999,66,Santa Catarina,Brazil,2022/09/11 05:20:45+00,-27.2423,-50.2189,1868495,0,22384,0,,,"Santa Catarina, Brazil"
-46.6333,-23.5504999999999,67,Sao Paulo,Brazil,2022/09/11 05:20:45+00,-23.5505,-46.6333,6051911,0,174325,0,,,"Sao Paulo, Brazil"
-37.3856999999999,-10.5740999999999,68,Sergipe,Brazil,2022/09/11 05:20:45+00,-10.5741,-37.3857,342852,0,6433,0,,,"Sergipe, Brazil"
-48.2982,-10.1752999999999,69,Tocantins,Brazil,2022/09/11 05:20:45+00,-10.1753,-48.2982,343933,0,4199,0,,,"Tocantins, Brazil"
114.7277,4.53530000000006,70,,Brunei,2022/09/11 05:20:45+00,4.5353,114.7277,223059,0,225,0,,,Brunei
25.4858,42.7339000000001,71,,Bulgaria,2022/09/11 05:20:45+00,42.7339,25.4858,1248035,0,37646,0,,,Bulgaria
-1.56159999999994,12.2383,72,,Burkina Faso,2022/09/11 05:20:45+00,12.2383,-1.5616,21128,0,387,0,,,Burkina Faso
95.9560000000001,21.9162000000001,73,,Burma,2022/09/11 05:20:45+00,21.9162,95.956,616663,0,19442,0,,,Burma
29.9189000000001,-3.37309999999997,74,,Burundi,2022/09/11 05:20:45+00,-3.3731,29.9189,49370,0,38,0,,,Burundi
-23.0418,16.5388,75,,Cabo Verde,2022/09/11 05:20:45+00,16.5388,-23.0418,62341,0,410,0,,,Cabo Verde
104.9167,11.5500000000001,76,,Cambodia,2022/09/11 05:20:45+00,11.55,104.9167,137705,0,3056,0,,,Cambodia
11.5021,3.84800000000007,77,,Cameroon,2022/09/11 05:20:45+00,3.848,11.5021,121652,0,1935,0,,,Cameroon
-116.5765,53.9333,78,Alberta,Canada,2022/09/11 05:20:45+00,53.9333,-116.5765,603501,0,4832,0,,,"Alberta, Canada"
-127.6476,53.7267000000001,79,British Columbia,Canada,2022/09/11 05:20:45+00,53.7267,-127.6476,383054,0,4183,0,,,"British Columbia, Canada"
,,80,Diamond Princess,Canada,2020/12/21 13:27:30+00,,,0,0,1,0,,,"Diamond Princess, Canada"
,,81,Grand Princess,Canada,2020/12/21 13:27:30+00,,,13,0,0,0,,,"Grand Princess, Canada"
-98.8139,53.7609,82,Manitoba,Canada,2022/09/11 05:20:45+00,53.7609,-98.8139,148903,0,2118,0,,,"Manitoba, Canada"
-66.4619,46.5653,83,New Brunswick,Canada,2022/09/11 05:20:45+00,46.5653,-66.4619,75741,0,472,0,,,"New Brunswick, Canada"
-57.6604,53.1355,84,Newfoundland and Labrador,Canada,2022/09/11 05:20:45+00,53.1355,-57.6604,51329,0,231,0,,,"Newfoundland and Labrador, Canada"
-124.8457,64.8255,85,Northwest Territories,Canada,2022/09/11 05:20:45+00,64.8255,-124.8457,11511,0,22,0,,,"Northwest Territories, Canada"
-63.7443,44.6820000000001,86,Nova Scotia,Canada,2022/09/11 05:20:45+00,44.682,-63.7443,122458,0,504,0,,,"Nova Scotia, Canada"
-83.1075999999999,70.2998000000001,87,Nunavut,Canada,2022/09/11 05:20:45+00,70.2998,-83.1076,3531,0,7,0,,,"Nunavut, Canada"
-85.3232,51.2538000000001,88,Ontario,Canada,2022/09/11 05:20:45+00,51.2538,-85.3232,1442991,0,14193,0,,,"Ontario, Canada"
-63.4168,46.5107,89,Prince Edward Island,Canada,2022/09/11 05:20:45+00,46.5107,-63.4168,50594,0,56,0,,,"Prince Edward Island, Canada"
-73.5491,52.9399000000001,90,Quebec,Canada,2022/09/11 05:20:45+00,52.9399,-73.5491,1185085,0,16479,0,,,"Quebec, Canada"
,,91,Repatriated Travellers,Canada,2022/09/11 05:20:45+00,,,13,0,0,0,,,"Repatriated Travellers, Canada"
-106.4509,52.9399000000001,92,Saskatchewan,Canada,2022/09/11 05:20:45+00,52.9399,-106.4509,141815,0,1479,0,,,"Saskatchewan, Canada"
-135,64.2823000000001,93,Yukon,Canada,2022/09/11 05:20:45+00,64.2823,-135,4857,0,30,0,,,"Yukon, Canada"
20.9394,6.61110000000002,94,,Central African Republic,2022/09/11 05:20:45+00,6.6111,20.9394,14883,0,113,0,,,Central African Republic
18.7322,15.4542000000001,95,,Chad,2022/09/11 05:20:45+00,15.4542,18.7322,7549,0,193,0,,,Chad
-70.3975,-23.6509,96,Antofagasta,Chile,2022/09/11 05:20:45+00,-23.6509,-70.3975,164080,0,1868,0,,,"Antofagasta, Chile"
-72.3310999999999,-38.9489,97,Araucania,Chile,2022/09/11 05:20:45+00,-38.9489,-72.3311,262062,0,2705,0,,,"Araucania, Chile"
-69.4784999999999,-18.5939999999999,98,Arica y Parinacota,Chile,2022/09/11 05:20:45+00,-18.594,-69.4785,71886,0,855,0,,,"Arica y Parinacota, Chile"
-70.0502999999999,-27.5660999999999,99,Atacama,Chile,2022/09/11 05:20:45+00,-27.5661,-70.0503,100140,0,670,0,,,"Atacama, Chile"
-73.7669,-45.9863999999999,100,Aysen,Chile,2022/09/11 05:20:45+00,-45.9864,-73.7669,31242,0,196,0,,,"Aysen, Chile"
-72.1416,-37.4464,101,Biobio,Chile,2022/09/11 05:20:45+00,-37.4464,-72.1416,445125,0,4500,0,,,"Biobio, Chile"
-71.3389,-29.9589999999999,102,Coquimbo,Chile,2022/09/11 05:20:45+00,-29.959,-71.3389,184536,0,1821,0,,,"Coquimbo, Chile"
-72.1416,-41.9198,103,Los Lagos,Chile,2022/09/11 05:20:45+00,-41.9198,-72.1416,223851,0,2415,0,,,"Los Lagos, Chile"
-72.3310999999999,-40.2309999999999,104,Los Rios,Chile,2022/09/11 05:20:45+00,-40.231,-72.3311,129541,0,1303,0,,,"Los Rios, Chile"
-70.9863,-52.3679999999999,105,Magallanes,Chile,2022/09/11 05:20:45+00,-52.368,-70.9863,61701,0,744,0,,,"Magallanes, Chile"
-71.6885,-35.5183,106,Maule,Chile,2022/09/11 05:20:45+00,-35.5183,-71.6885,304106,0,3097,0,,,"Maule, Chile"
-70.6505,-33.4376,107,Metropolitana,Chile,2022/09/11 05:20:45+00,-33.4376,-70.6505,1730530,0,29539,0,,,"Metropolitana, Chile"
-71.7622,-36.7225999999999,108,Nuble,Chile,2022/09/11 05:20:45+00,-36.7226,-71.7622,131162,0,1188,0,,,"Nuble, Chile"
-71.0022,-34.5755,109,OHiggins,Chile,2022/09/11 05:20:45+00,-34.5755,-71.0022,194717,0,2667,0,,,"OHiggins, Chile"
-69.5132,-19.9232,110,Tarapaca,Chile,2022/09/11 05:20:45+00,-19.9232,-69.5132,102046,0,1131,0,,,"Tarapaca, Chile"
,,111,Unknown,Chile,2022/09/11 05:20:45+00,,,42,0,2,0,,,"Unknown, Chile"
-71.6127,-33.0472,112,Valparaiso,Chile,2022/09/11 05:20:45+00,-33.0472,-71.6127,423034,0,6048,0,,,"Valparaiso, Chile"
117.2264,31.8257,113,Anhui,China,2022/09/11 05:20:45+00,31.8257,117.2264,1506,0,6,0,,,"Anhui, China"
116.4142,40.1824,114,Beijing,China,2022/09/11 05:20:45+00,40.1824,116.4142,4088,0,9,0,,,"Beijing, China"
107.874,30.0572,115,Chongqing,China,2022/09/11 05:20:45+00,30.0572,107.874,1012,0,6,0,,,"Chongqing, China"
117.9874,26.0789,116,Fujian,China,2022/09/11 05:20:45+00,26.0789,117.9874,4176,0,1,0,,,"Fujian, China"
104.2861,35.7518000000001,117,Gansu,China,2022/09/11 05:20:45+00,35.7518,104.2861,1348,0,2,0,,,"Gansu, China"
113.4244,23.3417000000001,118,Guangdong,China,2022/09/11 05:20:45+00,23.3417,113.4244,9642,0,8,0,,,"Guangdong, China"
108.7881,23.8298,119,Guangxi,China,2022/09/11 05:20:45+00,23.8298,108.7881,2300,0,2,0,,,"Guangxi, China"
106.8748,26.8154000000001,120,Guizhou,China,2022/09/11 05:20:45+00,26.8154,106.8748,220,0,2,0,,,"Guizhou, China"
109.7453,19.1959000000001,121,Hainan,China,2022/09/11 05:20:45+00,19.1959,109.7453,8944,0,6,0,,,"Hainan, China"
114.9042,37.8957,122,Hebei,China,2022/09/11 05:20:45+00,37.8957,114.9042,2027,0,7,0,,,"Hebei, China"
127.7615,47.8620000000001,123,Heilongjiang,China,2022/09/11 05:20:45+00,47.862,127.7615,3224,0,13,0,,,"Heilongjiang, China"
113.614,33.8820000000001,124,Henan,China,2022/09/11 05:20:45+00,33.882,113.614,3316,0,22,0,,,"Henan, China"
114.2,22.3000000000001,125,Hong Kong,China,2022/09/11 05:20:45+00,22.3,114.2,1642941,0,9788,0,,,"Hong Kong, China"
112.2707,30.9756,126,Hubei,China,2022/09/11 05:20:45+00,30.9756,112.2707,68427,0,4512,0,,,"Hubei, China"
111.7088,27.6104,127,Hunan,China,2022/09/11 05:20:45+00,27.6104,111.7088,1442,0,4,0,,,"Hunan, China"
113.9448,44.0935000000001,128,Inner Mongolia,China,2022/09/11 05:20:45+00,44.0935,113.9448,2694,0,1,0,,,"Inner Mongolia, China"
119.455,32.9711,129,Jiangsu,China,2022/09/11 05:20:45+00,32.9711,119.455,2367,0,0,0,,,"Jiangsu, China"
115.7221,27.614,130,Jiangxi,China,2022/09/11 05:20:45+00,27.614,115.7221,1489,0,1,0,,,"Jiangxi, China"
126.1923,43.6661,131,Jilin,China,2022/09/11 05:20:45+00,43.6661,126.1923,40329,0,5,0,,,"Jilin, China"
122.6085,41.2956,132,Liaoning,China,2022/09/11 05:20:45+00,41.2956,122.6085,1867,0,2,0,,,"Liaoning, China"
113.55,22.1667,133,Macau,China,2022/09/11 05:20:45+00,22.1667,113.55,793,0,6,0,,,"Macau, China"
106.1655,37.2692000000001,134,Ningxia,China,2022/09/11 05:20:45+00,37.2692,106.1655,122,0,0,0,,,"Ningxia, China"
95.9956000000001,35.7452000000001,135,Qinghai,China,2022/09/11 05:20:45+00,35.7452,95.9956,231,0,0,0,,,"Qinghai, China"
108.8701,35.1917,136,Shaanxi,China,2022/09/11 05:20:45+00,35.1917,108.8701,3712,0,3,0,,,"Shaanxi, China"
118.1498,36.3427,137,Shandong,China,2022/09/11 05:20:45+00,36.3427,118.1498,3038,0,7,0,,,"Shandong, China"
121.4491,31.2020000000001,138,Shanghai,China,2022/09/11 05:20:45+00,31.202,121.4491,63928,0,595,0,,,"Shanghai, China"
112.2922,37.5777,139,Shanxi,China,2022/09/11 05:20:45+00,37.5777,112.2922,469,0,0,0,,,"Shanxi, China"
102.7103,30.6171000000001,140,Sichuan,China,2022/09/11 05:20:45+00,30.6171,102.7103,4642,0,3,0,,,"Sichuan, China"
117.323,39.3054000000001,141,Tianjin,China,2022/09/11 05:20:45+00,39.3054,117.323,2244,0,3,0,,,"Tianjin, China"
88.0924000000001,31.6927000000001,142,Tibet,China,2022/09/11 05:20:45+00,31.6927,88.0924,1191,0,0,0,,,"Tibet, China"
,,143,Unknown,China,2022/09/11 05:20:45+00,,,725051,0,0,0,,,"Unknown, China"
85.2401,41.1129,144,Xinjiang,China,2022/09/11 05:20:45+00,41.1129,85.2401,1151,0,3,0,,,"Xinjiang, China"
101.487,24.974,145,Yunnan,China,2022/09/11 05:20:45+00,24.974,101.487,2312,0,2,0,,,"Yunnan, China"
120.0934,29.1832000000001,146,Zhejiang,China,2022/09/11 05:20:45+00,29.1832,120.0934,3394,0,1,0,,,"Zhejiang, China"
-71.5724,-1.44289999999995,147,Amazonas,Colombia,2022/09/11 05:20:45+00,-1.4429,-71.5724,7810,0,265,0,,,"Amazonas, Colombia"
-75.3412,7.19860000000006,148,Antioquia,Colombia,2022/09/11 05:20:45+00,7.1986,-75.3412,942940,0,18479,0,,,"Antioquia, Colombia"
-70.7105,7.07620000000003,149,Arauca,Colombia,2022/09/11 05:20:45+00,7.0762,-70.7105,16947,0,551,0,,,"Arauca, Colombia"
-74.8740999999999,10.6966,150,Atlantico,Colombia,2022/09/11 05:20:45+00,10.6966,-74.8741,415772,0,10199,0,,,"Atlantico, Colombia"
-74.03,8.67040000000003,151,Bolivar,Colombia,2022/09/11 05:20:45+00,8.6704,-74.03,202788,0,3265,0,,,"Bolivar, Colombia"
-73.362,5.45450000000005,152,Boyaca,Colombia,2022/09/11 05:20:45+00,5.4545,-73.362,129252,0,2860,0,,,"Boyaca, Colombia"
-75.2479,5.29830000000004,153,Caldas,Colombia,2022/09/11 05:20:45+00,5.2983,-75.2479,119300,0,2563,0,,,"Caldas, Colombia"
-74.0721,4.71100000000007,154,Capital District,Colombia,2022/09/11 05:20:45+00,4.711,-74.0721,1852256,0,29795,0,,,"Capital District, Colombia"
-73.8419,0.8699,155,Caqueta,Colombia,2022/09/11 05:20:45+00,0.8699,-73.8419,25581,0,1037,0,,,"Caqueta, Colombia"
-71.5724,5.75890000000004,156,Casanare,Colombia,2022/09/11 05:20:45+00,5.7589,-71.5724,42801,0,1022,0,,,"Casanare, Colombia"
-76.826,2.70500000000004,157,Cauca,Colombia,2022/09/11 05:20:45+00,2.705,-76.826,76115,0,1843,0,,,"Cauca, Colombia"
-73.6536,9.33730000000003,158,Cesar,Colombia,2022/09/11 05:20:45+00,9.3373,-73.6536,108666,0,2681,0,,,"Cesar, Colombia"
-76.826,5.25280000000004,159,Choco,Colombia,2022/09/11 05:20:45+00,5.2528,-76.826,18828,0,429,0,,,"Choco, Colombia"
-75.574,8.04930000000007,160,Cordoba,Colombia,2022/09/11 05:20:45+00,8.0493,-75.574,121918,0,3950,0,,,"Cordoba, Colombia"
-74.03,5.02600000000007,161,Cundinamarca,Colombia,2022/09/11 05:20:45+00,5.026,-74.03,327597,0,7354,0,,,"Cundinamarca, Colombia"
-68.5246999999999,2.58540000000005,162,Guainia,Colombia,2022/09/11 05:20:45+00,2.5854,-68.5247,2792,0,37,0,,,"Guainia, Colombia"
-73.2603,1.06540000000007,163,Guaviare,Colombia,2022/09/11 05:20:45+00,1.0654,-73.2603,5655,0,105,0,,,"Guaviare, Colombia"
-75.5277,2.53590000000003,164,Huila,Colombia,2022/09/11 05:20:45+00,2.5359,-75.5277,102994,0,3579,0,,,"Huila, Colombia"
-72.5205,11.3548000000001,165,La Guajira,Colombia,2022/09/11 05:20:45+00,11.3548,-72.5205,57849,0,1543,0,,,"La Guajira, Colombia"
-74.4057,10.4113,166,Magdalena,Colombia,2022/09/11 05:20:45+00,10.4113,-74.4057,117366,0,3643,0,,,"Magdalena, Colombia"
-73.0877,3.27200000000005,167,Meta,Colombia,2022/09/11 05:20:45+00,3.272,-73.0877,107310,0,2587,0,,,"Meta, Colombia"
-77.3579,1.28920000000005,168,Narino,Colombia,2022/09/11 05:20:45+00,1.2892,-77.3579,107617,0,3376,0,,,"Narino, Colombia"
-72.8987999999999,7.94630000000006,169,Norte de Santander,Colombia,2022/09/11 05:20:45+00,7.9463,-72.8988,124246,0,5166,0,,,"Norte de Santander, Colombia"
-75.5277,0.436,170,Putumayo,Colombia,2022/09/11 05:20:45+00,0.436,-75.5277,21751,0,785,0,,,"Putumayo, Colombia"
-75.6674,4.46100000000007,171,Quindio,Colombia,2022/09/11 05:20:45+00,4.461,-75.6674,72681,0,2076,0,,,"Quindio, Colombia"
-75.9928,5.31580000000002,172,Risaralda,Colombia,2022/09/11 05:20:45+00,5.3158,-75.9928,109436,0,2496,0,,,"Risaralda, Colombia"
-81.7184999999999,12.5567,173,San Andres y Providencia,Colombia,2022/09/11 05:20:45+00,12.5567,-81.7185,10333,0,156,0,,,"San Andres y Providencia, Colombia"
-73.6536,6.64370000000002,174,Santander,Colombia,2022/09/11 05:20:45+00,6.6437,-73.6536,293238,0,8291,0,,,"Santander, Colombia"
-74.7232999999999,8.81400000000002,175,Sucre,Colombia,2022/09/11 05:20:45+00,8.814,-74.7233,66906,0,1738,0,,,"Sucre, Colombia"
-75.1545,4.09250000000003,176,Tolima,Colombia,2022/09/11 05:20:45+00,4.0925,-75.1545,126837,0,4067,0,,,"Tolima, Colombia"
,,177,Unknown,Colombia,2022/09/11 05:20:45+00,,,0,0,362,0,,,"Unknown, Colombia"
-76.6412999999999,3.80090000000007,178,Valle del Cauca,Colombia,2022/09/11 05:20:45+00,3.8009,-76.6413,563327,0,15322,0,,,"Valle del Cauca, Colombia"
-70.812,0.8554,179,Vaupes,Colombia,2022/09/11 05:20:45+00,0.8554,-70.812,1949,0,22,0,,,"Vaupes, Colombia"
-69.2877999999999,4.42340000000007,180,Vichada,Colombia,2022/09/11 05:20:45+00,4.4234,-69.2878,3459,0,64,0,,,"Vichada, Colombia"
43.3333000000001,-11.6455,181,,Comoros,2022/09/11 05:20:45+00,-11.6455,43.3333,8455,0,161,0,,,Comoros
15.8277,-0.228,182,,Congo (Brazzaville),2022/09/11 05:20:45+00,-0.228,15.8277,24837,0,386,0,,,Congo (Brazzaville)
21.7587,-4.03829999999994,183,,Congo (Kinshasa),2022/09/11 05:20:45+00,-4.0383,21.7587,92751,0,1422,0,,,Congo (Kinshasa)
-83.7533999999999,9.74890000000005,184,,Costa Rica,2022/09/11 05:20:45+00,9.7489,-83.7534,1097629,0,8893,0,,,Costa Rica
-5.54709999999994,7.54000000000002,185,,Cote d'Ivoire,2022/09/11 05:20:45+00,7.54,-5.5471,86919,0,822,0,,,Cote d'Ivoire
15.2,45.1000000000001,186,,Croatia,2022/09/11 05:20:45+00,45.1,15.2,1220015,0,16792,0,,,Croatia
-77.781167,21.521757,187,,Cuba,2022/09/11 05:20:45+00,21.521757,-77.781167,1110858,0,8530,0,,,Cuba
33.4299,35.1264,188,,Cyprus,2022/09/11 05:20:45+00,35.1264,33.4299,579899,0,1173,0,,,Cyprus
15.4730000000001,49.8175000000001,189,,Czechia,2022/09/11 05:20:45+00,49.8175,15.473,4059173,0,40906,0,,,Czechia
9.50180000000006,56.2639,190,,Denmark,2022/09/11 05:20:45+00,56.2639,9.5018,3280052,0,6968,0,,,Denmark
-6.91179999999997,61.8926000000001,191,Faroe Islands,Denmark,2022/09/11 05:20:45+00,61.8926,-6.9118,34658,0,28,0,,,"Faroe Islands, Denmark"
-42.6043,71.7069000000001,192,Greenland,Denmark,2022/09/11 05:20:45+00,71.7069,-42.6043,11971,0,21,0,,,"Greenland, Denmark"
,,193,,Diamond Princess,2022/09/11 05:20:45+00,,,712,0,13,0,,,Diamond Princess
42.5903000000001,11.8251000000001,194,,Djibouti,2022/09/11 05:20:45+00,11.8251,42.5903,15690,0,189,0,,,Djibouti
-61.371,15.4150000000001,195,,Dominica,2022/09/11 05:20:45+00,15.415,-61.371,14852,0,68,0,,,Dominica
-70.1627,18.7357000000001,196,,Dominican Republic,2022/09/11 05:20:45+00,18.7357,-70.1627,641677,0,4384,0,,,Dominican Republic
-78.1833999999999,-1.83119999999997,197,,Ecuador,2022/09/11 05:20:45+00,-1.8312,-78.1834,998202,0,35876,0,,,Ecuador
30.8024980000001,26.8205530000001,198,,Egypt,2022/09/11 05:20:45+00,26.820553,30.802498,515645,0,24796,0,,,Egypt
-88.8964999999999,13.7942,199,,El Salvador,2022/09/11 05:20:45+00,13.7942,-88.8965,201785,0,4227,0,,,El Salvador
10.2679000000001,1.65080000000006,200,,Equatorial Guinea,2022/09/11 05:20:45+00,1.6508,10.2679,16965,0,183,0,,,Equatorial Guinea
39.7823000000001,15.1794,201,,Eritrea,2022/09/11 05:20:45+00,15.1794,39.7823,10163,0,103,0,,,Eritrea
25.0136000000001,58.5953000000001,202,,Estonia,2022/09/11 05:20:45+00,58.5953,25.0136,598636,0,2657,0,,,Estonia
31.4659,-26.5225,203,,Eswatini,2022/09/11 05:20:45+00,-26.5225,31.4659,73368,0,1422,0,,,Eswatini
40.4897,9.14500000000004,204,,Ethiopia,2022/09/11 05:20:45+00,9.145,40.4897,493340,0,7572,0,,,Ethiopia
178.065,-17.7134,205,,Fiji,2022/09/11 05:20:45+00,-17.7134,178.065,68207,0,878,0,,,Fiji
25.7481510000001,61.92411,206,,Finland,2022/09/11 05:20:45+00,61.92411,25.748151,1271516,0,5768,0,,,Finland
2.21370000000007,46.2276000000001,207,,France,2022/09/11 05:20:45+00,46.2276,2.2137,33718369,0,150991,0,,,France
-52.9999999999999,4.00000000000006,208,French Guiana,France,2022/09/11 05:20:45+00,4,-53,93735,0,408,0,,,"French Guiana, France"
-149.4068,-17.6797,209,French Polynesia,France,2022/09/11 05:20:45+00,-17.6797,-149.4068,76520,0,649,0,,,"French Polynesia, France"
-61.551,16.265,210,Guadeloupe,France,2022/09/11 05:20:45+00,16.265,-61.551,191997,0,986,0,,,"Guadeloupe, France"
-61.0242,14.6415000000001,211,Martinique,France,2022/09/11 05:20:45+00,14.6415,-61.0242,215582,0,1022,0,,,"Martinique, France"
45.1662440000001,-12.8274999999999,212,Mayotte,France,2022/09/11 05:20:45+00,-12.8275,45.166244,40095,0,187,0,,,"Mayotte, France"
165.618042,-20.904305,213,New Caledonia,France,2022/09/11 05:20:45+00,-20.904305,165.618042,74125,0,314,0,,,"New Caledonia, France"
55.5364000000001,-21.1150999999999,214,Reunion,France,2022/09/11 05:20:45+00,-21.1151,55.5364,467390,0,874,0,,,"Reunion, France"
-62.8333,17.9,215,Saint Barthelemy,France,2022/09/11 05:20:45+00,17.9,-62.8333,5263,0,6,0,,,"Saint Barthelemy, France"
-56.3158999999999,46.8852000000001,216,Saint Pierre and Miquelon,France,2022/09/11 05:20:45+00,46.8852,-56.3159,3131,0,1,0,,,"Saint Pierre and Miquelon, France"
-63.0501,18.0708000000001,217,St Martin,France,2022/09/11 05:20:45+00,18.0708,-63.0501,11941,0,63,0,,,"St Martin, France"
-178.1165,-14.2938,218,Wallis and Futuna,France,2022/09/11 05:20:45+00,-14.2938,-178.1165,761,0,7,0,,,"Wallis and Futuna, France"
11.6094000000001,-0.8037,219,,Gabon,2022/09/11 05:20:45+00,-0.8037,11.6094,48668,0,306,0,,,Gabon
-15.3101,13.4432,220,,Gambia,2022/09/11 05:20:45+00,13.4432,-15.3101,12311,0,371,0,,,Gambia
43.3569000000001,42.3154000000001,221,,Georgia,2022/09/11 05:20:45+00,42.3154,43.3569,1735682,0,16889,0,,,Georgia
9.35010000000005,48.6616000000001,222,Baden-Wurttemberg,Germany,2022/09/11 05:20:45+00,48.6616,9.3501,4415508,0,17048,0,,,"Baden-Wurttemberg, Germany"
11.4979000000001,48.7904,223,Bayern,Germany,2022/09/11 05:20:45+00,48.7904,11.4979,5884399,0,25556,0,,,"Bayern, Germany"
13.405,52.52,224,Berlin,Germany,2022/09/11 05:20:45+00,52.52,13.405,1240822,0,4776,0,,,"Berlin, Germany"
12.5316,52.4125000000001,225,Brandenburg,Germany,2022/09/11 05:20:45+00,52.4125,12.5316,930612,0,5874,0,,,"Brandenburg, Germany"
8.80170000000004,53.0793,226,Bremen,Germany,2022/09/11 05:20:45+00,53.0793,8.8017,252747,0,828,0,,,"Bremen, Germany"
9.99370000000005,53.5511000000001,227,Hamburg,Germany,2022/09/11 05:20:45+00,53.5511,9.9937,716984,0,3008,0,,,"Hamburg, Germany"
9.16240000000005,50.6521000000001,228,Hessen,Germany,2022/09/11 05:20:45+00,50.6521,9.1624,2434830,0,10979,0,,,"Hessen, Germany"
12.4296000000001,53.6127000000001,229,Mecklenburg-Vorpommern,Germany,2022/09/11 05:20:45+00,53.6127,12.4296,589732,0,2429,0,,,"Mecklenburg-Vorpommern, Germany"
9.84510000000006,52.6367000000001,230,Niedersachsen,Germany,2022/09/11 05:20:45+00,52.6367,9.8451,3131987,0,10607,0,,,"Niedersachsen, Germany"
7.66160000000002,51.4332000000001,231,Nordrhein-Westfalen,Germany,2022/09/11 05:20:45+00,51.4332,7.6616,6660471,0,27189,0,,,"Nordrhein-Westfalen, Germany"
7.30900000000003,50.1183,232,Rheinland-Pfalz,Germany,2022/09/11 05:20:45+00,50.1183,7.309,1461613,0,6105,0,,,"Rheinland-Pfalz, Germany"
7.02300000000002,49.3964,233,Saarland,Germany,2022/09/11 05:20:45+00,49.3964,7.023,400976,0,1835,0,,,"Saarland, Germany"
13.2017000000001,51.1045,234,Sachsen,Germany,2022/09/11 05:20:45+00,51.1045,13.2017,1725817,0,15948,0,,,"Sachsen, Germany"
11.6923,51.9503,235,Sachsen-Anhalt,Germany,2022/09/11 05:20:45+00,51.9503,11.6923,826885,0,5681,0,,,"Sachsen-Anhalt, Germany"
9.69610000000006,54.2194000000001,236,Schleswig-Holstein,Germany,2022/09/11 05:20:45+00,54.2194,9.6961,991109,0,2849,0,,,"Schleswig-Holstein, Germany"
10.8453000000001,51.0110000000001,237,Thuringen,Germany,2022/09/11 05:20:45+00,51.011,10.8453,787758,0,7587,0,,,"Thuringen, Germany"
,,238,Unknown,Germany,2022/09/11 05:20:45+00,,,0,0,0,0,,,"Unknown, Germany"
-1.02319999999997,7.94650000000007,239,,Ghana,2022/09/11 05:20:45+00,7.9465,-1.0232,168616,0,1459,0,,,Ghana
21.8243000000001,39.0742000000001,240,,Greece,2022/09/11 05:20:45+00,39.0742,21.8243,4804982,0,32757,0,,,Greece
-61.679,12.1165,241,,Grenada,2022/09/11 05:20:45+00,12.1165,-61.679,19403,0,236,0,,,Grenada
-90.2308,15.7835000000001,242,,Guatemala,2022/09/11 05:20:45+00,15.7835,-90.2308,1110973,0,19650,0,,,Guatemala
-9.69659999999993,9.94560000000007,243,,Guinea,2022/09/11 05:20:45+00,9.9456,-9.6966,37652,0,449,0,,,Guinea
-15.1804,11.8037,244,,Guinea-Bissau,2022/09/11 05:20:45+00,11.8037,-15.1804,8796,0,175,0,,,Guinea-Bissau
-58.93018,4.86041600000004,245,,Guyana,2022/09/11 05:20:45+00,4.860416,-58.93018,71186,0,1279,0,,,Guyana
-72.2852,18.9712000000001,246,,Haiti,2022/09/11 05:20:45+00,18.9712,-72.2852,33658,0,851,0,,,Haiti
12.4534,41.9029,247,,Holy See,2022/09/11 05:20:45+00,41.9029,12.4534,29,0,0,0,,,Holy See
-86.2419,15.2,248,,Honduras,2022/09/11 05:20:45+00,15.2,-86.2419,455011,0,10989,0,,,Honduras
19.5033,47.1625000000001,249,,Hungary,2022/09/11 05:20:45+00,47.1625,19.5033,2058847,0,47367,0,,,Hungary
-19.0208,64.9631000000001,250,,Iceland,2022/09/11 05:20:45+00,64.9631,-19.0208,205009,0,213,0,,,Iceland
92.9681780000001,11.2259990000001,251,Andaman and Nicobar Islands,India,2022/09/11 05:20:45+00,11.225999,92.968178,10624,0,129,0,,,"Andaman and Nicobar Islands, India"
79.7400000000001,15.9129,252,Andhra Pradesh,India,2022/09/11 05:20:45+00,15.9129,79.74,2337564,0,14733,0,,,"Andhra Pradesh, India"
96.3842770000001,27.7684560000001,253,Arunachal Pradesh,India,2022/09/11 05:20:45+00,27.768456,96.384277,66772,0,296,0,,,"Arunachal Pradesh, India"
92.8304410000001,26.357149,254,Assam,India,2022/09/11 05:20:45+00,26.357149,92.830441,745049,0,8034,0,,,"Assam, India"
85.6048400000001,25.6796580000001,255,Bihar,India,2022/09/11 05:20:45+00,25.679658,85.60484,849405,0,12297,0,,,"Bihar, India"
76.7682780000001,30.733839,256,Chandigarh,India,2022/09/11 05:20:45+00,30.733839,76.768278,99038,0,1181,0,,,"Chandigarh, India"
82.0353660000001,21.264705,257,Chhattisgarh,India,2022/09/11 05:20:45+00,21.264705,82.035366,1174791,0,14117,0,,,"Chhattisgarh, India"
73.080901,20.1947420000001,258,Dadra and Nagar Haveli and Daman and Diu,India,2022/09/11 05:20:45+00,20.194742,73.080901,11582,0,4,0,,,"Dadra and Nagar Haveli and Daman and Diu, India"
77.10898,28.6465190000001,259,Delhi,India,2022/09/11 05:20:45+00,28.646519,77.10898,2001569,0,26491,0,,,"Delhi, India"
74.057396,15.3596820000001,260,Goa,India,2022/09/11 05:20:45+00,15.359682,74.057396,257018,0,3964,0,,,"Goa, India"
71.590923,22.6948840000001,261,Gujarat,India,2022/09/11 05:20:45+00,22.694884,71.590923,1272157,0,11018,0,,,"Gujarat, India"
76.3328240000001,29.2000400000001,262,Haryana,India,2022/09/11 05:20:45+00,29.20004,76.332824,1053666,0,10693,0,,,"Haryana, India"
77.2330810000001,31.9272130000001,263,Himachal Pradesh,India,2022/09/11 05:20:45+00,31.927213,77.233081,311626,0,4204,0,,,"Himachal Pradesh, India"
76.6126380000001,33.7594300000001,264,Jammu and Kashmir,India,2022/09/11 05:20:45+00,33.75943,76.612638,478685,0,4784,0,,,"Jammu and Kashmir, India"
85.5576310000001,23.6545360000001,265,Jharkhand,India,2022/09/11 05:20:45+00,23.654536,85.557631,442111,0,5330,0,,,"Jharkhand, India"
76.166436,14.70518,266,Karnataka,India,2022/09/11 05:20:45+00,14.70518,76.166436,4058178,0,40258,0,,,"Karnataka, India"
76.4057490000001,10.4508980000001,267,Kerala,India,2022/09/11 05:20:45+00,10.450898,76.405749,6769332,0,70904,0,,,"Kerala, India"
77.5771,34.1526000000001,268,Ladakh,India,2022/09/11 05:20:45+00,34.1526,77.5771,29270,0,230,0,,,"Ladakh, India"
72.1833326,13.6999972,269,Lakshadweep,India,2022/09/11 05:20:45+00,13.6999972,72.1833326,11415,0,52,0,,,"Lakshadweep, India"
78.289633,23.5415130000001,270,Madhya Pradesh,India,2022/09/11 05:20:45+00,23.541513,78.289633,1053856,0,10770,0,,,"Madhya Pradesh, India"
76.1082210000001,19.449759,271,Maharashtra,India,2022/09/11 05:20:45+00,19.449759,76.108221,8110131,0,148285,0,,,"Maharashtra, India"
93.8825410000001,24.738975,272,Manipur,India,2022/09/11 05:20:45+00,24.738975,93.882541,139755,0,2148,0,,,"Manipur, India"
91.2788820000001,25.536934,273,Meghalaya,India,2022/09/11 05:20:45+00,25.536934,91.278882,96558,0,1619,0,,,"Meghalaya, India"
92.83822,23.309381,274,Mizoram,India,2022/09/11 05:20:45+00,23.309381,92.83822,237746,0,722,0,,,"Mizoram, India"
94.4703020000001,26.0670200000001,275,Nagaland,India,2022/09/11 05:20:45+00,26.06702,94.470302,35932,0,780,0,,,"Nagaland, India"
84.4180590000001,20.5054280000001,276,Odisha,India,2022/09/11 05:20:45+00,20.505428,84.418059,1329995,0,9184,0,,,"Odisha, India"
78.8649800000001,11.882658,277,Puducherry,India,2022/09/11 05:20:45+00,11.882658,78.86498,173301,0,1969,0,,,"Puducherry, India"
75.4087900000001,30.841465,278,Punjab,India,2022/09/11 05:20:45+00,30.841465,75.40879,783859,0,17905,0,,,"Punjab, India"
73.8479730000001,26.583423,279,Rajasthan,India,2022/09/11 05:20:45+00,26.583423,73.847973,1311056,0,9629,0,,,"Rajasthan, India"
88.4727120000001,27.571671,280,Sikkim,India,2022/09/11 05:20:45+00,27.571671,88.472712,43906,0,494,0,,,"Sikkim, India"
78.4006240000001,11.006091,281,Tamil Nadu,India,2022/09/11 05:20:45+00,11.006091,78.400624,3573236,0,38038,0,,,"Tamil Nadu, India"
79.0193,18.1124,282,Telangana,India,2022/09/11 05:20:45+00,18.1124,79.0193,835853,0,4111,0,,,"Telangana, India"
91.743565,23.7467830000001,283,Tripura,India,2022/09/11 05:20:45+00,23.746783,91.743565,107743,0,938,0,,,"Tripura, India"
,,284,Unknown,India,2022/09/11 05:20:45+00,,,0,0,0,0,,,"Unknown, India"
80.5609820000001,26.9254250000001,285,Uttar Pradesh,India,2022/09/11 05:20:45+00,26.925425,80.560982,2124707,0,23614,0,,,"Uttar Pradesh, India"
79.1976080000001,30.1564470000001,286,Uttarakhand,India,2022/09/11 05:20:45+00,30.156447,79.197608,448783,0,7743,0,,,"Uttarakhand, India"
87.9798030000001,23.814082,287,West Bengal,India,2022/09/11 05:20:45+00,23.814082,87.979803,2109090,0,21482,0,,,"West Bengal, India"
113.9213,-0.7893,288,,Indonesia,2022/09/11 05:20:45+00,-0.7893,113.9213,6390553,0,157757,0,,,Indonesia
53.688046,32.4279080000001,289,,Iran,2022/09/11 05:20:45+00,32.427908,53.688046,7538125,0,144154,0,,,Iran
43.679291,33.223191,290,,Iraq,2022/09/11 05:20:45+00,33.223191,43.679291,2458509,0,25348,0,,,Iraq
-7.69209999999993,53.1424000000001,291,,Ireland,2022/09/11 05:20:45+00,53.1424,-7.6921,1659034,0,7870,0,,,Ireland
34.851612,31.046051,292,,Israel,2022/09/11 05:20:45+00,31.046051,34.851612,4641834,0,11648,0,,,Israel
13.3984382300001,42.35122196,293,Abruzzo,Italy,2022/09/11 05:20:45+00,42.35122196,13.39843823,545691,0,3651,0,,,"Abruzzo, Italy"
15.8051483400001,40.63947052,294,Basilicata,Italy,2022/09/11 05:20:45+00,40.63947052,15.80514834,180806,0,981,0,,,"Basilicata, Italy"
16.5944019400001,38.9059759800001,295,Calabria,Italy,2022/09/11 05:20:45+00,38.90597598,16.59440194,546184,0,2972,0,,,"Calabria, Italy"
14.2508498400001,40.83956555,296,Campania,Italy,2022/09/11 05:20:45+00,40.83956555,14.25084984,2198658,0,11152,0,,,"Campania, Italy"
11.3417208000001,44.49436681,297,Emilia-Romagna,Italy,2022/09/11 05:20:45+00,44.49436681,11.3417208,1834705,0,17947,0,,,"Emilia-Romagna, Italy"
13.7681364900001,45.6494354000001,298,Friuli Venezia Giulia,Italy,2022/09/11 05:20:45+00,45.6494354,13.76813649,480136,0,5391,0,,,"Friuli Venezia Giulia, Italy"
12.48366722,41.89277044,299,Lazio,Italy,2022/09/11 05:20:45+00,41.89277044,12.48366722,2033065,0,12036,0,,,"Lazio, Italy"
8.93269920000006,44.4114931500001,300,Liguria,Italy,2022/09/11 05:20:45+00,44.41149315,8.9326992,564932,0,5558,0,,,"Liguria, Italy"
9.19034740400002,45.4667940900001,301,Lombardia,Italy,2022/09/11 05:20:45+00,45.46679409,9.190347404,3498268,0,42359,0,,,"Lombardia, Italy"
13.5188753,43.6167597300001,302,Marche,Italy,2022/09/11 05:20:45+00,43.61675973,13.5188753,609444,0,4096,0,,,"Marche, Italy"
14.65916051,41.55774754,303,Molise,Italy,2022/09/11 05:20:45+00,41.55774754,14.65916051,88465,0,675,0,,,"Molise, Italy"
11.3566242200001,46.4993345300001,304,P.A. Bolzano,Italy,2022/09/11 05:20:45+00,46.49933453,11.35662422,256969,0,1531,0,,,"P.A. Bolzano, Italy"
11.1212309700001,46.06893511,305,P.A. Trento,Italy,2022/09/11 05:20:45+00,46.06893511,11.12123097,206348,0,1593,0,,,"P.A. Trento, Italy"
7.68068748300004,45.0732745,306,Piemonte,Italy,2022/09/11 05:20:45+00,45.0732745,7.680687483,1441065,0,13609,0,,,"Piemonte, Italy"
16.86736689,41.1255957600001,307,Puglia,Italy,2022/09/11 05:20:45+00,41.12559576,16.86736689,1461961,0,9024,0,,,"Puglia, Italy"
9.11061630600005,39.21531192,308,Sardegna,Italy,2022/09/11 05:20:45+00,39.21531192,9.110616306,442594,0,2740,0,,,"Sardegna, Italy"
13.3623567000001,38.11569725,309,Sicilia,Italy,2022/09/11 05:20:45+00,38.11569725,13.3623567,1630884,0,12155,0,,,"Sicilia, Italy"
11.2558888500001,43.76923077,310,Toscana,Italy,2022/09/11 05:20:45+00,43.76923077,11.25588885,1384361,0,10693,0,,,"Toscana, Italy"
12.3882469800001,43.1067584100001,311,Umbria,Italy,2022/09/11 05:20:45+00,43.10675841,12.38824698,368433,0,2084,0,,,"Umbria, Italy"
7.32014936600007,45.7375028600001,312,Valle d'Aosta,Italy,2022/09/11 05:20:45+00,45.73750286,7.320149366,43936,0,547,0,,,"Valle d'Aosta, Italy"
12.3384521300001,45.4349048500001,313,Veneto,Italy,2022/09/11 05:20:45+00,45.43490485,12.33845213,2218386,0,15410,0,,,"Veneto, Italy"
-77.2975,18.1096000000001,314,,Jamaica,2022/09/11 05:20:45+00,18.1096,-77.2975,150663,0,3283,0,,,Jamaica
137.211621,35.0355510000001,315,Aichi,Japan,2022/09/11 05:20:45+00,35.035551,137.211621,1286435,0,2755,0,,,"Aichi, Japan"
140.408228,39.748679,316,Akita,Japan,2022/09/11 05:20:45+00,39.748679,140.408228,90022,0,189,0,,,"Akita, Japan"
140.828896,40.7815410000001,317,Aomori,Japan,2022/09/11 05:20:45+00,40.781541,140.828896,154322,0,264,0,,,"Aomori, Japan"
140.198917,35.510141,318,Chiba,Japan,2022/09/11 05:20:45+00,35.510141,140.198917,891751,0,2397,0,,,"Chiba, Japan"
132.856842,33.6248350000001,319,Ehime,Japan,2022/09/11 05:20:45+00,33.624835,132.856842,150646,0,281,0,,,"Ehime, Japan"
136.224654,35.846614,320,Fukui,Japan,2022/09/11 05:20:45+00,35.846614,136.224654,104862,0,94,0,,,"Fukui, Japan"
130.666949,33.526032,321,Fukuoka,Japan,2022/09/11 05:20:45+00,33.526032,130.666949,1035471,0,1850,0,,,"Fukuoka, Japan"
140.223295,37.3788670000001,322,Fukushima,Japan,2022/09/11 05:20:45+00,37.378867,140.223295,169998,0,251,0,,,"Fukushima, Japan"
137.055925,35.778671,323,Gifu,Japan,2022/09/11 05:20:45+00,35.778671,137.055925,271016,0,535,0,,,"Gifu, Japan"
138.985605,36.5044790000001,324,Gunma,Japan,2022/09/11 05:20:45+00,36.504479,138.985605,218416,0,455,0,,,"Gunma, Japan"
132.788719,34.605309,325,Hiroshima,Japan,2022/09/11 05:20:45+00,34.605309,132.788719,396601,0,700,0,,,"Hiroshima, Japan"
142.552318,43.3857110000001,326,Hokkaido,Japan,2022/09/11 05:20:45+00,43.385711,142.552318,697045,0,2502,0,,,"Hokkaido, Japan"
134.828057,35.0399130000001,327,Hyogo,Japan,2022/09/11 05:20:45+00,35.039913,134.828057,958828,0,2756,0,,,"Hyogo, Japan"
140.319591,36.303588,328,Ibaraki,Japan,2022/09/11 05:20:45+00,36.303588,140.319591,338672,0,622,0,,,"Ibaraki, Japan"
136.771027,36.769464,329,Ishikawa,Japan,2022/09/11 05:20:45+00,36.769464,136.771027,149837,0,262,0,,,"Ishikawa, Japan"
141.361777,39.593287,330,Iwate,Japan,2022/09/11 05:20:45+00,39.593287,141.361777,99716,0,176,0,,,"Iwate, Japan"
133.969047,34.217292,331,Kagawa,Japan,2022/09/11 05:20:45+00,34.217292,133.969047,131799,0,271,0,,,"Kagawa, Japan"
130.430665,31.009484,332,Kagoshima,Japan,2022/09/11 05:20:45+00,31.009484,130.430665,280340,0,492,0,,,"Kagoshima, Japan"
139.338983,35.415312,333,Kanagawa,Japan,2022/09/11 05:20:45+00,35.415312,139.338983,1412229,0,2899,0,,,"Kanagawa, Japan"
133.367307,33.4225190000001,334,Kochi,Japan,2022/09/11 05:20:45+00,33.422519,133.367307,92973,0,276,0,,,"Kochi, Japan"
130.745231,32.6081540000001,335,Kumamoto,Japan,2022/09/11 05:20:45+00,32.608154,130.745231,312984,0,592,0,,,"Kumamoto, Japan"
135.443341,35.253815,336,Kyoto,Japan,2022/09/11 05:20:45+00,35.253815,135.443341,452775,0,966,0,,,"Kyoto, Japan"
136.376013,34.508018,337,Mie,Japan,2022/09/11 05:20:45+00,34.508018,136.376013,233125,0,489,0,,,"Mie, Japan"
140.927086,38.4468590000001,338,Miyagi,Japan,2022/09/11 05:20:45+00,38.446859,140.927086,242226,0,347,0,,,"Miyagi, Japan"
131.299374,32.193204,339,Miyazaki,Japan,2022/09/11 05:20:45+00,32.193204,131.299374,182777,0,331,0,,,"Miyazaki, Japan"
138.045528,36.1321340000001,340,Nagano,Japan,2022/09/11 05:20:45+00,36.132134,138.045528,189928,0,320,0,,,"Nagano, Japan"
129.608033,33.235712,341,Nagasaki,Japan,2022/09/11 05:20:45+00,33.235712,129.608033,201588,0,308,0,,,"Nagasaki, Japan"
135.871644,34.3174510000001,342,Nara,Japan,2022/09/11 05:20:45+00,34.317451,135.871644,207446,0,509,0,,,"Nara, Japan"
138.918647,37.5218190000001,343,Niigata,Japan,2022/09/11 05:20:45+00,37.521819,138.918647,214417,0,131,0,,,"Niigata, Japan"
131.43324,33.200697,344,Oita,Japan,2022/09/11 05:20:45+00,33.200697,131.43324,165805,0,322,0,,,"Oita, Japan"
133.826252,34.89246,345,Okayama,Japan,2022/09/11 05:20:45+00,34.89246,133.826252,253489,0,384,0,,,"Okayama, Japan"
126.668016,25.768923,346,Okinawa,Japan,2022/09/11 05:20:45+00,25.768923,126.668016,488870,0,669,0,,,"Okinawa, Japan"
135.507481,34.6209650000001,347,Osaka,Japan,2022/09/11 05:20:45+00,34.620965,135.507481,2003558,0,6232,0,,,"Osaka, Japan"
,,348,Port Quarantine,Japan,2021/11/10 23:21:44+00,,,4463,0,4,0,,,"Port Quarantine, Japan"
130.115738,33.286977,349,Saga,Japan,2022/09/11 05:20:45+00,33.286977,130.115738,149524,0,210,0,,,"Saga, Japan"
139.347635,35.997101,350,Saitama,Japan,2022/09/11 05:20:45+00,35.997101,139.347635,1119817,0,2248,0,,,"Saitama, Japan"
136.138064,35.215827,351,Shiga,Japan,2022/09/11 05:20:45+00,35.215827,136.138064,217211,0,300,0,,,"Shiga, Japan"
132.554064,35.0707600000001,352,Shimane,Japan,2022/09/11 05:20:45+00,35.07076,132.554064,76489,0,87,0,,,"Shimane, Japan"
138.407784,34.916975,353,Shizuoka,Japan,2022/09/11 05:20:45+00,34.916975,138.407784,459592,0,707,0,,,"Shizuoka, Japan"
139.819213,36.689912,354,Tochigi,Japan,2022/09/11 05:20:45+00,36.689912,139.819213,208518,0,460,0,,,"Tochigi, Japan"
134.242091,33.919178,355,Tokushima,Japan,2022/09/11 05:20:45+00,33.919178,134.242091,86978,0,158,0,,,"Tokushima, Japan"
139.446921,35.7113430000001,356,Tokyo,Japan,2022/09/11 05:20:45+00,35.711343,139.446921,3034897,0,5612,0,,,"Tokyo, Japan"
133.863619,35.359069,357,Tottori,Japan,2022/09/11 05:20:45+00,35.359069,133.863619,58227,0,67,0,,,"Tottori, Japan"
137.269346,36.6374640000001,358,Toyama,Japan,2022/09/11 05:20:45+00,36.637464,137.269346,118609,0,163,0,,,"Toyama, Japan"
,,359,Unknown,Japan,2021/11/10 23:21:44+00,,,8,0,0,0,,,"Unknown, Japan"
135.505446,33.9118790000001,360,Wakayama,Japan,2022/09/11 05:20:45+00,33.911879,135.505446,124347,0,233,0,,,"Wakayama, Japan"
140.102154,38.4483960000001,361,Yamagata,Japan,2022/09/11 05:20:45+00,38.448396,140.102154,94001,0,178,0,,,"Yamagata, Japan"
131.573293,34.2011900000001,362,Yamaguchi,Japan,2022/09/11 05:20:45+00,34.20119,131.573293,151600,0,359,0,,,"Yamaguchi, Japan"
138.611489,35.6123640000001,363,Yamanashi,Japan,2022/09/11 05:20:45+00,35.612364,138.611489,90609,0,141,0,,,"Yamanashi, Japan"
36.51,31.2400000000001,364,,Jordan,2022/09/11 05:20:45+00,31.24,36.51,1738867,0,14114,0,,,Jordan
66.9237000000001,48.0196,365,,Kazakhstan,2022/09/11 05:20:45+00,48.0196,66.9237,1481339,0,19043,0,,,Kazakhstan
37.9062000000001,-0.0236,366,,Kenya,2022/09/11 05:20:45+00,-0.0236,37.9062,338290,0,5674,0,,,Kenya
-168.734,-3.37039999999996,367,,Kiribati,2022/09/11 05:20:45+00,-3.3704,-168.734,3430,0,13,0,,,Kiribati
127.5101,40.3399000000001,368,,"Korea, North",2022/09/11 05:20:45+00,40.3399,127.5101,1,0,6,0,,,"Korea, North"
127.766922,35.9077570000001,369,,"Korea, South",2022/09/11 05:20:45+00,35.907757,127.766922,24004887,0,27476,0,,,"Korea, South"
20.9029770000001,42.6026360000001,370,,Kosovo,2022/09/11 05:20:45+00,42.602636,20.902977,271922,0,3199,0,,,Kosovo
47.4817660000001,29.3116600000001,371,,Kuwait,2022/09/11 05:20:45+00,29.31166,47.481766,657745,0,2563,0,,,Kuwait
74.7660980000001,41.2043800000001,372,,Kyrgyzstan,2022/09/11 05:20:45+00,41.20438,74.766098,205835,0,2991,0,,,Kyrgyzstan
102.495496,19.8562700000001,373,,Laos,2022/09/11 05:20:45+00,19.85627,102.495496,214897,0,757,0,,,Laos
24.6032000000001,56.8796,374,,Latvia,2022/09/11 05:20:45+00,56.8796,24.6032,905904,0,5957,0,,,Latvia
35.8623000000001,33.8547,375,,Lebanon,2022/09/11 05:20:45+00,33.8547,35.8623,1212497,0,10645,0,,,Lebanon
28.2336,-29.61,376,,Lesotho,2022/09/11 05:20:45+00,-29.61,28.2336,34287,0,704,0,,,Lesotho
-9.42949899999996,6.42805500000003,377,,Liberia,2022/09/11 05:20:45+00,6.428055,-9.429499,7898,0,294,0,,,Liberia
17.228331,26.3351000000001,378,,Libya,2022/09/11 05:20:45+00,26.3351,17.228331,506889,0,6437,0,,,Libya
9.55000000000007,47.14,379,,Liechtenstein,2022/09/11 05:20:45+00,47.14,9.55,19285,0,86,0,,,Liechtenstein
23.8813000000001,55.1694000000001,380,,Lithuania,2022/09/11 05:20:45+00,55.1694,23.8813,1226496,0,9294,0,,,Lithuania
6.12960000000004,49.8153,381,,Luxembourg,2022/09/11 05:20:45+00,49.8153,6.1296,288658,0,1123,0,,,Luxembourg
,,382,,MS Zaandam,2022/09/11 05:20:45+00,,,9,0,2,0,,,MS Zaandam
46.869107,-18.766947,383,,Madagascar,2022/09/11 05:20:45+00,-18.766947,46.869107,66640,0,1410,0,,,Madagascar
34.3015,-13.2542999999999,384,,Malawi,2022/09/11 05:20:45+00,-13.2543,34.3015,87933,0,2679,0,,,Malawi
103.7618,1.48540000000003,385,Johor,Malaysia,2022/09/11 05:20:45+00,1.4854,103.7618,392718,0,4617,0,,,"Johor, Malaysia"
100.3685,6.11840000000007,386,Kedah,Malaysia,2022/09/11 05:20:45+00,6.1184,100.3685,308422,0,2668,0,,,"Kedah, Malaysia"
102.2381,6.12540000000007,387,Kelantan,Malaysia,2022/09/11 05:20:45+00,6.1254,102.2381,252587,0,1421,0,,,"Kelantan, Malaysia"
102.2501,2.18960000000004,388,Melaka,Malaysia,2022/09/11 05:20:45+00,2.1896,102.2501,134001,0,1182,0,,,"Melaka, Malaysia"
101.9424,2.72580000000005,389,Negeri Sembilan,Malaysia,2022/09/11 05:20:45+00,2.7258,101.9424,220325,0,1508,0,,,"Negeri Sembilan, Malaysia"
103.3256,3.81260000000003,390,Pahang,Malaysia,2022/09/11 05:20:45+00,3.8126,103.3256,176706,0,1005,0,,,"Pahang, Malaysia"
101.0901,4.59210000000007,391,Perak,Malaysia,2022/09/11 05:20:45+00,4.5921,101.0901,224512,0,2017,0,,,"Perak, Malaysia"
100.2048,6.44490000000008,392,Perlis,Malaysia,2022/09/11 05:20:45+00,6.4449,100.2048,18306,0,192,0,,,"Perlis, Malaysia"
100.3288,5.41410000000008,393,Pulau Pinang,Malaysia,2022/09/11 05:20:45+00,5.4141,100.3288,295735,0,2029,0,,,"Pulau Pinang, Malaysia"
116.0753,5.97880000000004,394,Sabah,Malaysia,2022/09/11 05:20:45+00,5.9788,116.0753,391703,0,3149,0,,,"Sabah, Malaysia"
110.3592,1.55330000000004,395,Sarawak,Malaysia,2022/09/11 05:20:45+00,1.5533,110.3592,313821,0,1761,0,,,"Sarawak, Malaysia"
101.5183,3.07380000000006,396,Selangor,Malaysia,2022/09/11 05:20:45+00,3.0738,101.5183,1466392,0,10830,0,,,"Selangor, Malaysia"
103.1324,5.31170000000003,397,Terengganu,Malaysia,2022/09/11 05:20:45+00,5.3117,103.1324,129091,0,880,0,,,"Terengganu, Malaysia"
,,398,Unknown,Malaysia,2022/09/11 05:20:45+00,,,0,0,0,0,,,"Unknown, Malaysia"
101.6869,3.13900000000007,399,W.P. Kuala Lumpur,Malaysia,2022/09/11 05:20:45+00,3.139,101.6869,430225,0,2831,0,,,"W.P. Kuala Lumpur, Malaysia"
115.2308,5.28310000000005,400,W.P. Labuan,Malaysia,2022/09/11 05:20:45+00,5.2831,115.2308,22198,0,157,0,,,"W.P. Labuan, Malaysia"
101.6964,2.92640000000006,401,W.P. Putrajaya,Malaysia,2022/09/11 05:20:45+00,2.9264,101.6964,26882,0,30,0,,,"W.P. Putrajaya, Malaysia"
73.2207000000001,3.20280000000002,402,,Maldives,2022/09/11 05:20:45+00,3.2028,73.2207,184924,0,308,0,,,Maldives
-3.99616599999996,17.5706920000001,403,,Mali,2022/09/11 05:20:45+00,17.570692,-3.996166,32205,0,739,0,,,Mali
14.3754000000001,35.9375000000001,404,,Malta,2022/09/11 05:20:45+00,35.9375,14.3754,114251,0,802,0,,,Malta
171.1845,7.13150000000007,405,,Marshall Islands,2022/09/11 05:20:45+00,7.1315,171.1845,15072,0,17,0,,,Marshall Islands
-10.9408,21.0079000000001,406,,Mauritania,2022/09/11 05:20:45+00,21.0079,-10.9408,62776,0,993,0,,,Mauritania
57.552152,-20.348404,407,,Mauritius,2022/09/11 05:20:45+00,-20.348404,57.552152,258301,0,1023,0,,,Mauritius
-102.2916,21.8853,408,Aguascalientes,Mexico,2022/09/11 05:20:45+00,21.8853,-102.2916,84217,0,3560,0,,,"Aguascalientes, Mexico"
-115.2838,30.8406000000001,409,Baja California,Mexico,2022/09/11 05:20:45+00,30.8406,-115.2838,163289,0,12414,0,,,"Baja California, Mexico"
-111.6661,26.0444000000001,410,Baja California Sur,Mexico,2022/09/11 05:20:45+00,26.0444,-111.6661,124155,0,2748,0,,,"Baja California Sur, Mexico"
-90.5348999999999,19.8301000000001,411,Campeche,Mexico,2022/09/11 05:20:45+00,19.8301,-90.5349,42803,0,2279,0,,,"Campeche, Mexico"
-93.1292,16.7569,412,Chiapas,Mexico,2022/09/11 05:20:45+00,16.7569,-93.1292,48323,0,2431,0,,,"Chiapas, Mexico"
-106.0691,28.633,413,Chihuahua,Mexico,2022/09/11 05:20:45+00,28.633,-106.0691,164059,0,10117,0,,,"Chihuahua, Mexico"
-99.1332,19.4326,414,Ciudad de Mexico,Mexico,2022/09/11 05:20:45+00,19.4326,-99.1332,1730910,0,43513,0,,,"Ciudad de Mexico, Mexico"
-101.7068,27.0587,415,Coahuila,Mexico,2022/09/11 05:20:45+00,27.0587,-101.7068,179747,0,8951,0,,,"Coahuila, Mexico"
-104.0072,19.1223000000001,416,Colima,Mexico,2022/09/11 05:20:45+00,19.1223,-104.0072,67123,0,2241,0,,,"Colima, Mexico"
-104.6588,24.5593000000001,417,Durango,Mexico,2022/09/11 05:20:45+00,24.5593,-104.6588,79169,0,3667,0,,,"Durango, Mexico"
-101.2574,21.0190000000001,418,Guanajuato,Mexico,2022/09/11 05:20:45+00,21.019,-101.2574,350767,0,15058,0,,,"Guanajuato, Mexico"
-99.5451,17.4392,419,Guerrero,Mexico,2022/09/11 05:20:45+00,17.4392,-99.5451,115881,0,6837,0,,,"Guerrero, Mexico"
-98.7624,20.0911,420,Hidalgo,Mexico,2022/09/11 05:20:45+00,20.0911,-98.7624,118603,0,8535,0,,,"Hidalgo, Mexico"
-103.3494,20.6595,421,Jalisco,Mexico,2022/09/11 05:20:45+00,20.6595,-103.3494,282945,0,19955,0,,,"Jalisco, Mexico"
-99.7232999999999,19.4969,422,Mexico,Mexico,2022/09/11 05:20:45+00,19.4969,-99.7233,699048,0,47835,0,,,"Mexico, Mexico"
-101.7068,19.5665000000001,423,Michoacan,Mexico,2022/09/11 05:20:45+00,19.5665,-101.7068,109561,0,8958,0,,,"Michoacan, Mexico"
-99.1013,18.6813,424,Morelos,Mexico,2022/09/11 05:20:45+00,18.6813,-99.1013,90244,0,5337,0,,,"Morelos, Mexico"
-104.8455,21.7514,425,Nayarit,Mexico,2022/09/11 05:20:45+00,21.7514,-104.8455,71863,0,3238,0,,,"Nayarit, Mexico"
-99.9962,25.5922,426,Nuevo Leon,Mexico,2022/09/11 05:20:45+00,25.5922,-99.9962,399350,0,15323,0,,,"Nuevo Leon, Mexico"
-96.7266,17.0732,427,Oaxaca,Mexico,2022/09/11 05:20:45+00,17.0732,-96.7266,148594,0,6328,0,,,"Oaxaca, Mexico"
-98.2062999999999,19.0414000000001,428,Puebla,Mexico,2022/09/11 05:20:45+00,19.0414,-98.2063,207350,0,16646,0,,,"Puebla, Mexico"
-100.3899,20.5888,429,Queretaro,Mexico,2022/09/11 05:20:45+00,20.5888,-100.3899,176429,0,6320,0,,,"Queretaro, Mexico"
-88.4791,19.1817,430,Quintana Roo,Mexico,2022/09/11 05:20:45+00,19.1817,-88.4791,111614,0,4420,0,,,"Quintana Roo, Mexico"
-100.9855,22.1565000000001,431,San Luis Potosi,Mexico,2022/09/11 05:20:45+00,22.1565,-100.9855,236916,0,7591,0,,,"San Luis Potosi, Mexico"
-107.4795,25.1721000000001,432,Sinaloa,Mexico,2022/09/11 05:20:45+00,25.1721,-107.4795,174517,0,9899,0,,,"Sinaloa, Mexico"
-110.3309,29.2972,433,Sonora,Mexico,2022/09/11 05:20:45+00,29.2972,-110.3309,194284,0,10281,0,,,"Sonora, Mexico"
-92.6188999999999,17.8409,434,Tabasco,Mexico,2022/09/11 05:20:45+00,17.8409,-92.6189,213180,0,6127,0,,,"Tabasco, Mexico"
-98.8362999999999,24.2669000000001,435,Tamaulipas,Mexico,2022/09/11 05:20:45+00,24.2669,-98.8363,175624,0,8172,0,,,"Tamaulipas, Mexico"
-98.2404,19.3139,436,Tlaxcala,Mexico,2022/09/11 05:20:45+00,19.3139,-98.2404,56307,0,3123,0,,,"Tlaxcala, Mexico"
,,437,Unknown,Mexico,2022/09/11 05:20:45+00,,,0,0,0,0,,,"Unknown, Mexico"
-96.1342,19.1738,438,Veracruz,Mexico,2022/09/11 05:20:45+00,19.1738,-96.1342,223595,0,17006,0,,,"Veracruz, Mexico"
-89.0943,20.7099000000001,439,Yucatan,Mexico,2022/09/11 05:20:45+00,20.7099,-89.0943,136448,0,6910,0,,,"Yucatan, Mexico"
-102.5832,22.7709,440,Zacatecas,Mexico,2022/09/11 05:20:45+00,22.7709,-102.5832,79354,0,3916,0,,,"Zacatecas, Mexico"
150.5508,7.42560000000003,441,,Micronesia,2022/09/11 05:20:45+00,7.4256,150.5508,9037,0,27,0,,,Micronesia
28.3699,47.4116000000001,442,,Moldova,2022/09/11 05:20:45+00,47.4116,28.3699,579110,0,11783,0,,,Moldova
7.41670000000005,43.7333,443,,Monaco,2022/09/11 05:20:45+00,43.7333,7.4167,14436,0,63,0,,,Monaco
103.8467,46.8625000000001,444,,Mongolia,2022/09/11 05:20:45+00,46.8625,103.8467,980442,0,2129,0,,,Mongolia
19.3743900000001,42.7086780000001,445,,Montenegro,2022/09/11 05:20:45+00,42.708678,19.37439,277191,0,2778,0,,,Montenegro
-7.09259999999995,31.7917,446,,Morocco,2022/09/11 05:20:45+00,31.7917,-7.0926,1264648,0,16276,0,,,Morocco
35.5295620000001,-18.665695,447,,Mozambique,2022/09/11 05:20:45+00,-18.665695,35.529562,230171,0,2221,0,,,Mozambique
18.4904,-22.9576,448,,Namibia,2022/09/11 05:20:45+00,-22.9576,18.4904,169253,0,4077,0,,,Namibia
84.2500000000001,28.1667,449,,Nepal,2022/09/11 05:20:45+00,28.1667,84.25,998654,0,12012,0,,,Nepal
-69.9682999999999,12.5211,450,Aruba,Netherlands,2022/09/11 05:20:45+00,12.5211,-69.9683,42970,0,228,0,,,"Aruba, Netherlands"
-68.2385,12.1784000000001,451,"Bonaire, Sint Eustatius and Saba",Netherlands,2022/09/11 05:20:45+00,12.1784,-68.2385,11279,0,38,0,,,"Bonaire, Sint Eustatius and Saba, Netherlands"
-68.99,12.1696000000001,452,Curacao,Netherlands,2022/09/11 05:20:45+00,12.1696,-68.99,45318,0,287,0,,,"Curacao, Netherlands"
6.61843500000003,52.862485,453,Drenthe,Netherlands,2022/09/11 05:20:45+00,52.862485,6.618435,211026,0,458,0,,,"Drenthe, Netherlands"
5.51516200000003,52.5503830000001,454,Flevoland,Netherlands,2022/09/11 05:20:45+00,52.550383,5.515162,191621,0,336,0,,,"Flevoland, Netherlands"
5.79250000000008,53.087337,455,Friesland,Netherlands,2022/09/11 05:20:45+00,53.087337,5.7925,286697,0,620,0,,,"Friesland, Netherlands"
5.93911400000007,52.061738,456,Gelderland,Netherlands,2022/09/11 05:20:45+00,52.061738,5.939114,1025822,0,2871,0,,,"Gelderland, Netherlands"
6.74151400000005,53.217922,457,Groningen,Netherlands,2022/09/11 05:20:45+00,53.217922,6.741514,258081,0,360,0,,,"Groningen, Netherlands"
5.93387000000007,51.2092270000001,458,Limburg,Netherlands,2022/09/11 05:20:45+00,51.209227,5.93387,548930,0,2184,0,,,"Limburg, Netherlands"
5.18494200000004,51.5611740000001,459,Noord-Brabant,Netherlands,2022/09/11 05:20:45+00,51.561174,5.184942,1276426,0,3738,0,,,"Noord-Brabant, Netherlands"
4.91868800000003,52.6009060000001,460,Noord-Holland,Netherlands,2022/09/11 05:20:45+00,52.600906,4.918688,1382461,0,3440,0,,,"Noord-Holland, Netherlands"
6.44172200000003,52.444558,461,Overijssel,Netherlands,2022/09/11 05:20:45+00,52.444558,6.441722,585984,0,1440,0,,,"Overijssel, Netherlands"
-63.0547999999999,18.0425000000001,462,Sint Maarten,Netherlands,2022/09/11 05:20:45+00,18.0425,-63.0548,10847,0,87,0,,,"Sint Maarten, Netherlands"
,,463,Unknown,Netherlands,2022/09/11 05:20:45+00,,,0,0,0,0,,,"Unknown, Netherlands"
5.16382400000003,52.0842510000001,464,Utrecht,Netherlands,2022/09/11 05:20:45+00,52.084251,5.163824,691373,0,1551,0,,,"Utrecht, Netherlands"
3.86155900000006,51.47936,465,Zeeland,Netherlands,2022/09/11 05:20:45+00,51.47936,3.861559,175623,0,396,0,,,"Zeeland, Netherlands"
4.46211400000004,51.9378350000001,466,Zuid-Holland,Netherlands,2022/09/11 05:20:45+00,51.937835,4.462114,1762814,0,5219,0,,,"Zuid-Holland, Netherlands"
174.886,-40.9005999999999,467,,New Zealand,2022/09/11 05:20:45+00,-40.9006,174.886,1758884,0,1950,0,,,New Zealand
-159.7777,-21.2366999999999,468,Cook Islands,New Zealand,2022/09/11 05:20:45+00,-21.2367,-159.7777,6386,0,1,0,,,"Cook Islands, New Zealand"
-85.207229,12.865416,469,,Nicaragua,2022/09/11 05:20:45+00,12.865416,-85.207229,14931,0,244,0,,,Nicaragua
8.08166600000004,17.607789,470,,Niger,2022/09/11 05:20:45+00,17.607789,8.081666,9931,0,312,0,,,Niger
8.67530000000005,9.08200000000005,471,,Nigeria,2022/09/11 05:20:45+00,9.082,8.6753,264299,0,3154,0,,,Nigeria
21.7453,41.6086000000001,472,,North Macedonia,2022/09/11 05:20:45+00,41.6086,21.7453,341404,0,9506,0,,,North Macedonia
8.46890000000008,60.472,473,,Norway,2022/09/11 05:20:45+00,60.472,8.4689,1460970,0,4004,0,,,Norway
55.923255,21.5125830000001,474,,Oman,2022/09/11 05:20:45+00,21.512583,55.923255,397993,0,4628,0,,,Oman
73.947253,34.0274010000001,475,Azad Jammu and Kashmir,Pakistan,2022/09/11 05:20:45+00,34.027401,73.947253,44292,0,793,0,,,"Azad Jammu and Kashmir, Pakistan"
65.898403,28.328492,476,Balochistan,Pakistan,2022/09/11 05:20:45+00,28.328492,65.898403,35967,0,378,0,,,"Balochistan, Pakistan"
74.9821380000001,35.7921460000001,477,Gilgit-Baltistan,Pakistan,2022/09/11 05:20:45+00,35.792146,74.982138,12037,0,191,0,,,"Gilgit-Baltistan, Pakistan"
73.1212190000001,33.665087,478,Islamabad,Pakistan,2022/09/11 05:20:45+00,33.665087,73.121219,139300,0,1031,0,,,"Islamabad, Pakistan"
72.09169,34.485332,479,Khyber Pakhtunkhwa,Pakistan,2022/09/11 05:20:45+00,34.485332,72.09169,223885,0,6359,0,,,"Khyber Pakhtunkhwa, Pakistan"
72.1391320000001,30.8113460000001,480,Punjab,Pakistan,2022/09/11 05:20:45+00,30.811346,72.139132,521640,0,13610,0,,,"Punjab, Pakistan"
68.7768070000001,26.009446,481,Sindh,Pakistan,2022/09/11 05:20:45+00,26.009446,68.776807,593675,0,8236,0,,,"Sindh, Pakistan"
134.5825,7.51500000000004,482,,Palau,2022/09/11 05:20:45+00,7.515,134.5825,5430,0,6,0,,,Palau
-80.7821,8.53800000000007,483,,Panama,2022/09/11 05:20:45+00,8.538,-80.7821,981822,0,8480,0,,,Panama
143.95555,-6.31499299999996,484,,Papua New Guinea,2022/09/11 05:20:45+00,-6.314993,143.95555,44900,0,664,0,,,Papua New Guinea
-58.4438,-23.4424999999999,485,,Paraguay,2022/09/11 05:20:45+00,-23.4425,-58.4438,715806,0,19530,0,,,Paraguay
-78.050172,-5.07725299999993,486,Amazonas,Peru,2022/09/11 05:20:45+00,-5.077253,-78.050172,49506,0,1367,0,,,"Amazonas, Peru"
-77.671795,-9.40712499999995,487,Ancash,Peru,2022/09/11 05:20:45+00,-9.407125,-77.671795,147488,0,7330,0,,,"Ancash, Peru"
-72.975378,-14.0277129999999,488,Apurimac,Peru,2022/09/11 05:20:45+00,-14.027713,-72.975378,44146,0,1673,0,,,"Apurimac, Peru"
-72.475539,-15.8435239999999,489,Arequipa,Peru,2022/09/11 05:20:45+00,-15.843524,-72.475539,267282,0,10556,0,,,"Arequipa, Peru"
-74.0834399999999,-14.091648,490,Ayacucho,Peru,2022/09/11 05:20:45+00,-14.091648,-74.08344,53376,0,2370,0,,,"Ayacucho, Peru"
-78.745596,-6.43028399999997,491,Cajamarca,Peru,2022/09/11 05:20:45+00,-6.430284,-78.745596,108893,0,4540,0,,,"Cajamarca, Peru"
-77.136042,-11.9546089999999,492,Callao,Peru,2022/09/11 05:20:45+00,-11.954609,-77.136042,159385,0,10598,0,,,"Callao, Peru"
-72.153609,-13.191068,493,Cusco,Peru,2022/09/11 05:20:45+00,-13.191068,-72.153609,134535,0,5303,0,,,"Cusco, Peru"
-75.0027699999999,-13.0238879999999,494,Huancavelica,Peru,2022/09/11 05:20:45+00,-13.023888,-75.00277,28692,0,1307,0,,,"Huancavelica, Peru"
-76.0406419999999,-9.42167599999993,495,Huanuco,Peru,2022/09/11 05:20:45+00,-9.421676,-76.040642,57873,0,2952,0,,,"Huanuco, Peru"
-75.574821,-14.2350969999999,496,Ica,Peru,2022/09/11 05:20:45+00,-14.235097,-75.574821,116556,0,9025,0,,,"Ica, Peru"
-74.876968,-11.541783,497,Junin,Peru,2022/09/11 05:20:45+00,-11.541783,-74.876968,145802,0,7616,0,,,"Junin, Peru"
-78.370238,-7.92138999999997,498,La Libertad,Peru,2022/09/11 05:20:45+00,-7.92139,-78.370238,168097,0,10997,0,,,"La Libertad, Peru"
-79.824113,-6.35304899999994,499,Lambayeque,Peru,2022/09/11 05:20:45+00,-6.353049,-79.824113,119208,0,9317,0,,,"Lambayeque, Peru"
-76.604498,-11.766533,500,Lima,Peru,2022/09/11 05:20:45+00,-11.766533,-76.604498,1898026,0,94331,0,,,"Lima, Peru"
-74.424115,-4.12484699999993,501,Loreto,Peru,2022/09/11 05:20:45+00,-4.124847,-74.424115,62564,0,4418,0,,,"Loreto, Peru"
-70.53172,-11.972699,502,Madre de Dios,Peru,2022/09/11 05:20:45+00,-11.972699,-70.53172,20362,0,871,0,,,"Madre de Dios, Peru"
-70.8390459999999,-16.860271,503,Moquegua,Peru,2022/09/11 05:20:45+00,-16.860271,-70.839046,58909,0,1672,0,,,"Moquegua, Peru"
-75.3076349999999,-10.3965499999999,504,Pasco,Peru,2022/09/11 05:20:45+00,-10.39655,-75.307635,27183,0,1135,0,,,"Pasco, Peru"
-80.335861,-5.13336099999998,505,Piura,Peru,2022/09/11 05:20:45+00,-5.133361,-80.335861,171818,0,13203,0,,,"Piura, Peru"
-69.922726,-14.995827,506,Puno,Peru,2022/09/11 05:20:45+00,-14.995827,-69.922726,73835,0,4909,0,,,"Puno, Peru"
-76.7291269999999,-7.03953099999995,507,San Martin,Peru,2022/09/11 05:20:45+00,-7.039531,-76.729127,67050,0,3203,0,,,"San Martin, Peru"
-70.2775599999999,-17.6441609999999,508,Tacna,Peru,2022/09/11 05:20:45+00,-17.644161,-70.27756,60126,0,2177,0,,,"Tacna, Peru"
-80.5452549999999,-3.85749599999997,509,Tumbes,Peru,2022/09/11 05:20:45+00,-3.857496,-80.545255,31436,0,1718,0,,,"Tumbes, Peru"
-73.4449289999999,-9.62171799999993,510,Ucayali,Peru,2022/09/11 05:20:45+00,-9.621718,-73.444929,42969,0,3289,0,,,"Ucayali, Peru"
,,511,Unknown,Peru,2022/09/11 05:20:45+00,,,10091,0,209,0,,,"Unknown, Peru"
121.774017,12.8797210000001,512,,Philippines,2022/09/11 05:20:45+00,12.879721,121.774017,3904133,0,62288,0,,,Philippines
19.1451000000001,51.9194000000001,513,,Poland,2022/09/11 05:20:45+00,51.9194,19.1451,6211955,0,117252,0,,,Poland
-8.22449999999998,39.3999000000001,514,,Portugal,2022/09/11 05:20:45+00,39.3999,-8.2245,5440953,0,24909,0,,,Portugal
51.1839000000001,25.3548000000001,515,,Qatar,2022/09/11 05:20:45+00,25.3548,51.1839,435192,0,682,0,,,Qatar
24.9668,45.9432,516,,Romania,2022/09/11 05:20:45+00,45.9432,24.9668,3239392,0,66849,0,,,Romania
40.1520421000001,44.6939006000001,517,Adygea Republic,Russia,2022/09/11 05:20:45+00,44.6939006,40.1520421,51554,0,1005,0,,,"Adygea Republic, Russia"
82.6931424000001,52.6932243000001,518,Altai Krai,Russia,2022/09/11 05:20:45+00,52.6932243,82.6931424,287189,0,8732,0,,,"Altai Krai, Russia"
86.8572186000001,50.7114101000001,519,Altai Republic,Russia,2022/09/11 05:20:45+00,50.7114101,86.8572186,38484,0,623,0,,,"Altai Republic, Russia"
128.437295,52.8032368,520,Amur Oblast,Russia,2022/09/11 05:20:45+00,52.8032368,128.437295,116328,0,764,0,,,"Amur Oblast, Russia"
43.1221646000001,63.5589686000001,521,Arkhangelsk Oblast,Russia,2022/09/11 05:20:45+00,63.5589686,43.1221646,249118,0,1770,0,,,"Arkhangelsk Oblast, Russia"
47.6088510000001,47.1878186000001,522,Astrakhan Oblast,Russia,2022/09/11 05:20:45+00,47.1878186,47.608851,127051,0,3069,0,,,"Astrakhan Oblast, Russia"
57.1439682000001,54.8573563,523,Bashkortostan Republic,Russia,2022/09/11 05:20:45+00,54.8573563,57.1439682,303346,0,5789,0,,,"Bashkortostan Republic, Russia"
37.5837615,50.7080119,524,Belgorod Oblast,Russia,2022/09/11 05:20:45+00,50.7080119,37.5837615,144764,0,2283,0,,,"Belgorod Oblast, Russia"
33.415853,52.8873315000001,525,Bryansk Oblast,Russia,2022/09/11 05:20:45+00,52.8873315,33.415853,173813,0,4064,0,,,"Bryansk Oblast, Russia"
109.492143,52.7182426000001,526,Buryatia Republic,Russia,2022/09/11 05:20:45+00,52.7182426,109.492143,147117,0,3061,0,,,"Buryatia Republic, Russia"
45.6985005000001,43.3976147000001,527,Chechen Republic,Russia,2022/09/11 05:20:45+00,43.3976147,45.6985005,45716,0,1076,0,,,"Chechen Republic, Russia"
61.1865846000001,54.4223954,528,Chelyabinsk Oblast,Russia,2022/09/11 05:20:45+00,54.4223954,61.1865846,353971,0,7878,0,,,"Chelyabinsk Oblast, Russia"
169.4900869,66.0006475000001,529,Chukotka Autonomous Okrug,Russia,2022/09/11 05:20:45+00,66.0006475,169.4900869,6324,0,43,0,,,"Chukotka Autonomous Okrug, Russia"
47.0849429,55.4259922000001,530,Chuvashia Republic,Russia,2022/09/11 05:20:45+00,55.4259922,47.0849429,92821,0,4664,0,,,"Chuvashia Republic, Russia"
47.1332224000001,43.0574916,531,Dagestan Republic,Russia,2022/09/11 05:20:45+00,43.0574916,47.1332224,99696,0,3603,0,,,"Dagestan Republic, Russia"
45.0171355200001,43.1154207500001,532,Ingushetia Republic,Russia,2022/09/11 05:20:45+00,43.11542075,45.01713552,42076,0,550,0,,,"Ingushetia Republic, Russia"
104.719221,56.6370122000001,533,Irkutsk Oblast,Russia,2022/09/11 05:20:45+00,56.6370122,104.719221,324323,0,8527,0,,,"Irkutsk Oblast, Russia"
41.4352137000001,56.9167446000001,534,Ivanovo Oblast,Russia,2022/09/11 05:20:45+00,56.9167446,41.4352137,117917,0,3158,0,,,"Ivanovo Oblast, Russia"
132.6630746,48.57527615,535,Jewish Autonomous Okrug,Russia,2022/09/11 05:20:45+00,48.57527615,132.6630746,20694,0,558,0,,,"Jewish Autonomous Okrug, Russia"
43.5978976000001,43.4806048,536,Kabardino-Balkarian Republic,Russia,2022/09/11 05:20:45+00,43.4806048,43.5978976,68268,0,1894,0,,,"Kabardino-Balkarian Republic, Russia"
21.1489473,54.7293041,537,Kaliningrad Oblast,Russia,2022/09/11 05:20:45+00,54.7293041,21.1489473,179817,0,1956,0,,,"Kaliningrad Oblast, Russia"
45.3275745,46.2313018,538,Kalmykia Republic,Russia,2022/09/11 05:20:45+00,46.2313018,45.3275745,56857,0,843,0,,,"Kalmykia Republic, Russia"
35.5272854,54.4382773,539,Kaluga Oblast,Russia,2022/09/11 05:20:45+00,54.4382773,35.5272854,113111,0,1453,0,,,"Kaluga Oblast, Russia"
160.0383819,57.1914882,540,Kamchatka Krai,Russia,2022/09/11 05:20:45+00,57.1914882,160.0383819,42656,0,621,0,,,"Kamchatka Krai, Russia"
41.7267991000001,43.7368326000001,541,Karachay-Cherkess Republic,Russia,2022/09/11 05:20:45+00,43.7368326,41.7267991,48232,0,984,0,,,"Karachay-Cherkess Republic, Russia"
33.4920267000001,62.6194031000001,542,Karelia Republic,Russia,2022/09/11 05:20:45+00,62.6194031,33.4920267,146436,0,1524,0,,,"Karelia Republic, Russia"
87.3428610000001,54.5335781000001,543,Kemerovo Oblast,Russia,2022/09/11 05:20:45+00,54.5335781,87.342861,189043,0,2601,0,,,"Kemerovo Oblast, Russia"
136.121524,51.6312684000001,544,Khabarovsk Krai,Russia,2022/09/11 05:20:45+00,51.6312684,136.121524,213502,0,1561,0,,,"Khabarovsk Krai, Russia"
91.4429362700001,53.72258845,545,Khakassia Republic,Russia,2022/09/11 05:20:45+00,53.72258845,91.44293627,95549,0,2416,0,,,"Khakassia Republic, Russia"
69.0982628,61.0259025,546,Khanty-Mansi Autonomous Okrug,Russia,2022/09/11 05:20:45+00,61.0259025,69.0982628,229031,0,2561,0,,,"Khanty-Mansi Autonomous Okrug, Russia"
49.4074599,57.9665589000001,547,Kirov Oblast,Russia,2022/09/11 05:20:45+00,57.9665589,49.4074599,156525,0,1064,0,,,"Kirov Oblast, Russia"
54.3326073000001,63.9881421000001,548,Komi Republic,Russia,2022/09/11 05:20:45+00,63.9881421,54.3326073,178339,0,3209,0,,,"Komi Republic, Russia"
44.2533273000001,58.4247560000001,549,Kostroma Oblast,Russia,2022/09/11 05:20:45+00,58.424756,44.2533273,94163,0,1415,0,,,"Kostroma Oblast, Russia"
39.0261044000001,45.7684014000001,550,Krasnodar Krai,Russia,2022/09/11 05:20:45+00,45.7684014,39.0261044,309983,0,11018,0,,,"Krasnodar Krai, Russia"
97.0979974000001,63.3233807,551,Krasnoyarsk Krai,Russia,2022/09/11 05:20:45+00,63.3233807,97.0979974,397725,0,10974,0,,,"Krasnoyarsk Krai, Russia"
64.5632681000001,55.7655302000001,552,Kurgan Oblast,Russia,2022/09/11 05:20:45+00,55.7655302,64.5632681,110761,0,1451,0,,,"Kurgan Oblast, Russia"
36.4852695000001,51.6568453,553,Kursk Oblast,Russia,2022/09/11 05:20:45+00,51.6568453,36.4852695,131303,0,2506,0,,,"Kursk Oblast, Russia"
32.3925325000001,60.1853296,554,Leningrad Oblast,Russia,2022/09/11 05:20:45+00,60.1853296,32.3925325,217149,0,3497,0,,,"Leningrad Oblast, Russia"
39.1122664000001,52.6935178000001,555,Lipetsk Oblast,Russia,2022/09/11 05:20:45+00,52.6935178,39.1122664,163270,0,3832,0,,,"Lipetsk Oblast, Russia"
153.9903764,62.48858785,556,Magadan Oblast,Russia,2022/09/11 05:20:45+00,62.48858785,153.9903764,20586,0,390,0,,,"Magadan Oblast, Russia"
47.8817512000001,56.5767504,557,Mari El Republic,Russia,2022/09/11 05:20:45+00,56.5767504,47.8817512,46425,0,1087,0,,,"Mari El Republic, Russia"
44.4661144,54.4419829,558,Mordovia Republic,Russia,2022/09/11 05:20:45+00,54.4419829,44.4661144,74645,0,1395,0,,,"Mordovia Republic, Russia"
37.6174943,55.7504461,559,Moscow,Russia,2022/09/11 05:20:45+00,55.7504461,37.6174943,3090679,0,45468,0,,,"Moscow, Russia"
38.0353929,55.5043158,560,Moscow Oblast,Russia,2022/09/11 05:20:45+00,55.5043158,38.0353929,1075845,0,15307,0,,,"Moscow Oblast, Russia"
33.9999151000001,68.0000418000001,561,Murmansk Oblast,Russia,2022/09/11 05:20:45+00,68.0000418,33.9999151,138443,0,3347,0,,,"Murmansk Oblast, Russia"
57.1686375,68.2755718500001,562,Nenets Autonomous Okrug,Russia,2022/09/11 05:20:45+00,68.27557185,57.1686375,7690,0,101,0,,,"Nenets Autonomous Okrug, Russia"
44.0911594,55.4718033,563,Nizhny Novgorod Oblast,Russia,2022/09/11 05:20:45+00,55.4718033,44.0911594,455284,0,11640,0,,,"Nizhny Novgorod Oblast, Russia"
44.6324493000001,42.7933611,564,North Ossetia - Alania Republic,Russia,2022/09/11 05:20:45+00,42.7933611,44.6324493,43254,0,1258,0,,,"North Ossetia - Alania Republic, Russia"
32.5169757,58.2843833000001,565,Novgorod Oblast,Russia,2022/09/11 05:20:45+00,58.2843833,32.5169757,108422,0,1039,0,,,"Novgorod Oblast, Russia"
79.4813924000001,54.9720169,566,Novosibirsk Oblast,Russia,2022/09/11 05:20:45+00,54.9720169,79.4813924,278401,0,5709,0,,,"Novosibirsk Oblast, Russia"
73.5099936,56.0935263000001,567,Omsk Oblast,Russia,2022/09/11 05:20:45+00,56.0935263,73.5099936,220434,0,4459,0,,,"Omsk Oblast, Russia"
36.0692477000001,52.9685433000001,568,Orel Oblast,Russia,2022/09/11 05:20:45+00,52.9685433,36.0692477,122264,0,1943,0,,,"Orel Oblast, Russia"
54.7276647,52.0269262,569,Orenburg Oblast,Russia,2022/09/11 05:20:45+00,52.0269262,54.7276647,228514,0,4028,0,,,"Orenburg Oblast, Russia"
44.7879181000001,53.1655415000001,570,Penza Oblast,Russia,2022/09/11 05:20:45+00,53.1655415,44.7879181,198864,0,6047,0,,,"Penza Oblast, Russia"
56.3159546000001,58.5951603,571,Perm Krai,Russia,2022/09/11 05:20:45+00,58.5951603,56.3159546,402021,0,8883,0,,,"Perm Krai, Russia"
134.726645,45.0819456,572,Primorsky Krai,Russia,2022/09/11 05:20:45+00,45.0819456,134.726645,196509,0,1966,0,,,"Primorsky Krai, Russia"
28.8586826000001,57.5358729000001,573,Pskov Oblast,Russia,2022/09/11 05:20:45+00,57.5358729,28.8586826,117894,0,1899,0,,,"Pskov Oblast, Russia"
40.7957942,47.6222451,574,Rostov Oblast,Russia,2022/09/11 05:20:45+00,47.6222451,40.7957942,414520,0,10994,0,,,"Rostov Oblast, Russia"
40.5705246000001,54.4226732000001,575,Ryazan Oblast,Russia,2022/09/11 05:20:45+00,54.4226732,40.5705246,136555,0,3428,0,,,"Ryazan Oblast, Russia"
30.1586551,59.9606739000001,576,Saint Petersburg,Russia,2022/09/11 05:20:45+00,59.9606739,30.1586551,1689941,0,34897,0,,,"Saint Petersburg, Russia"
129.642371,66.941626,577,Sakha (Yakutiya) Republic,Russia,2022/09/11 05:20:45+00,66.941626,129.642371,202226,0,2130,0,,,"Sakha (Yakutiya) Republic, Russia"
143.448533,49.7219665000001,578,Sakhalin Oblast,Russia,2022/09/11 05:20:45+00,49.7219665,143.448533,66707,0,828,0,,,"Sakhalin Oblast, Russia"
50.8914633000001,53.2128813,579,Samara Oblast,Russia,2022/09/11 05:20:45+00,53.2128813,50.8914633,424042,0,7981,0,,,"Samara Oblast, Russia"
46.8631952000001,51.6520555000001,580,Saratov Oblast,Russia,2022/09/11 05:20:45+00,51.6520555,46.8631952,270348,0,6001,0,,,"Saratov Oblast, Russia"
33.0192065000001,55.0343496,581,Smolensk Oblast,Russia,2022/09/11 05:20:45+00,55.0343496,33.0192065,138832,0,3103,0,,,"Smolensk Oblast, Russia"
43.4406913,44.8632577000001,582,Stavropol Krai,Russia,2022/09/11 05:20:45+00,44.8632577,43.4406913,220044,0,7101,0,,,"Stavropol Krai, Russia"
61.8021546000001,58.6414755000001,583,Sverdlovsk Oblast,Russia,2022/09/11 05:20:45+00,58.6414755,61.8021546,485859,0,10809,0,,,"Sverdlovsk Oblast, Russia"
41.3578918000001,52.9019574000001,584,Tambov Oblast,Russia,2022/09/11 05:20:45+00,52.9019574,41.3578918,125601,0,2467,0,,,"Tambov Oblast, Russia"
52.4310427300001,55.7648572000001,585,Tatarstan Republic,Russia,2022/09/11 05:20:45+00,55.7648572,52.43104273,162882,0,2003,0,,,"Tatarstan Republic, Russia"
82.0475315,58.6124279000001,586,Tomsk Oblast,Russia,2022/09/11 05:20:45+00,58.6124279,82.0475315,142562,0,892,0,,,"Tomsk Oblast, Russia"
37.3690909000001,53.9570701000001,587,Tula Oblast,Russia,2022/09/11 05:20:45+00,53.9570701,37.3690909,174766,0,5288,0,,,"Tula Oblast, Russia"
35.1744428000001,57.1134475000001,588,Tver Oblast,Russia,2022/09/11 05:20:45+00,57.1134475,35.1744428,171965,0,2763,0,,,"Tver Oblast, Russia"
70.3658837,58.8206488000001,589,Tyumen Oblast,Russia,2022/09/11 05:20:45+00,58.8206488,70.3658837,218373,0,4344,0,,,"Tyumen Oblast, Russia"
93.8582593,51.4017149000001,590,Tyva Republic,Russia,2022/09/11 05:20:45+00,51.4017149,93.8582593,51304,0,353,0,,,"Tyva Republic, Russia"
52.6959832000001,57.1961165000001,591,Udmurt Republic,Russia,2022/09/11 05:20:45+00,57.1961165,52.6959832,184379,0,3862,0,,,"Udmurt Republic, Russia"
47.2324921000001,54.1463177000001,592,Ulyanovsk Oblast,Russia,2022/09/11 05:20:45+00,54.1463177,47.2324921,213779,0,4743,0,,,"Ulyanovsk Oblast, Russia"
40.6561633000001,56.0503336,593,Vladimir Oblast,Russia,2022/09/11 05:20:45+00,56.0503336,40.6561633,160412,0,3514,0,,,"Vladimir Oblast, Russia"
44.2903582000001,49.6048339000001,594,Volgograd Oblast,Russia,2022/09/11 05:20:45+00,49.6048339,44.2903582,243708,0,6902,0,,,"Volgograd Oblast, Russia"
43.1215213,60.0391461,595,Vologda Oblast,Russia,2022/09/11 05:20:45+00,60.0391461,43.1215213,201267,0,3883,0,,,"Vologda Oblast, Russia"
40.1506507,50.9800393,596,Voronezh Oblast,Russia,2022/09/11 05:20:45+00,50.9800393,40.1506507,421983,0,8389,0,,,"Voronezh Oblast, Russia"
74.3415488000001,67.1471631000001,597,Yamalo-Nenets Autonomous Okrug,Russia,2022/09/11 05:20:45+00,67.1471631,74.3415488,141593,0,1043,0,,,"Yamalo-Nenets Autonomous Okrug, Russia"
39.0021095000001,57.7781976000001,598,Yaroslavl Oblast,Russia,2022/09/11 05:20:45+00,57.7781976,39.0021095,170300,0,2830,0,,,"Yaroslavl Oblast, Russia"
115.956325,52.248521,599,Zabaykalsky Krai,Russia,2022/09/11 05:20:45+00,52.248521,115.956325,178412,0,2351,0,,,"Zabaykalsky Krai, Russia"
29.8739,-1.94029999999998,600,,Rwanda,2022/09/11 05:20:45+00,-1.9403,29.8739,132472,0,1466,0,,,Rwanda
-62.782998,17.3578220000001,601,,Saint Kitts and Nevis,2022/09/11 05:20:45+00,17.357822,-62.782998,6524,0,46,0,,,Saint Kitts and Nevis
-60.9789,13.9094000000001,602,,Saint Lucia,2022/09/11 05:20:45+00,13.9094,-60.9789,28894,0,391,0,,,Saint Lucia
-61.2872,12.9843000000001,603,,Saint Vincent and the Grenadines,2022/09/11 05:20:45+00,12.9843,-61.2872,9430,0,115,0,,,Saint Vincent and the Grenadines
-172.1046,-13.759,604,,Samoa,2022/09/11 05:20:45+00,-13.759,-172.1046,15889,0,29,0,,,Samoa
12.4578000000001,43.9424000000001,605,,San Marino,2022/09/11 05:20:45+00,43.9424,12.4578,20486,0,118,0,,,San Marino
6.61310000000003,0.1864,606,,Sao Tome and Principe,2022/09/11 05:20:45+00,0.1864,6.6131,6177,0,76,0,,,Sao Tome and Principe
45.0791620000001,23.8859420000001,607,,Saudi Arabia,2022/09/11 05:20:45+00,23.885942,45.079162,814356,0,9315,0,,,Saudi Arabia
-14.4524,14.4974,608,,Senegal,2022/09/11 05:20:45+00,14.4974,-14.4524,88172,0,1968,0,,,Senegal
21.0059000000001,44.0165000000001,609,,Serbia,2022/09/11 05:20:45+00,44.0165,21.0059,2313346,0,16809,0,,,Serbia
55.4920000000001,-4.67959999999994,610,,Seychelles,2022/09/11 05:20:45+00,-4.6796,55.492,46175,0,169,0,,,Seychelles
-11.779889,8.46055500000006,611,,Sierra Leone,2022/09/11 05:20:45+00,8.460555,-11.779889,7749,0,126,0,,,Sierra Leone
103.8333,1.28330000000005,612,,Singapore,2022/09/11 05:20:45+00,1.2833,103.8333,1858497,0,1602,0,,,Singapore
19.6990000000001,48.669,613,,Slovakia,2022/09/10 23:21:06+00,48.669,19.699,2580748,0,20236,0,,,Slovakia
14.9955,46.1512000000001,614,,Slovenia,2022/09/11 05:20:45+00,46.1512,14.9955,1142042,0,6792,0,,,Slovenia
160.1562,-9.64569999999998,615,,Solomon Islands,2022/09/11 05:20:45+00,-9.6457,160.1562,21544,0,153,0,,,Solomon Islands
46.199616,5.15214900000007,616,,Somalia,2022/09/11 05:20:45+00,5.152149,46.199616,27020,0,1361,0,,,Somalia
22.9375000000001,-30.5595,617,,South Africa,2022/09/11 05:20:45+00,-30.5595,22.9375,4014277,0,102129,0,,,South Africa
31.3070000000001,6.87700000000007,618,,South Sudan,2022/09/11 05:20:45+00,6.877,31.307,17823,0,138,0,,,South Sudan
-4.72779999999995,37.5443000000001,619,Andalusia,Spain,2022/09/11 05:20:45+00,37.5443,-4.7278,1580154,0,14410,0,,,"Andalusia, Spain"
-0.9057,41.5976000000001,620,Aragon,Spain,2022/09/11 05:20:45+00,41.5976,-0.9057,456003,0,5194,0,,,"Aragon, Spain"
-5.85929999999996,43.3614000000001,621,Asturias,Spain,2022/09/11 05:20:45+00,43.3614,-5.8593,256318,0,3107,0,,,"Asturias, Spain"
2.99514800000003,39.710358,622,Baleares,Spain,2022/09/11 05:20:45+00,39.710358,2.995148,308395,0,1530,0,,,"Baleares, Spain"
-0.7533,39.484,623,C. Valenciana,Spain,2022/09/11 05:20:45+00,39.484,-0.7533,1546998,0,9996,0,,,"C. Valenciana, Spain"
-16.6290999999999,28.2916000000001,624,Canarias,Spain,2022/09/11 05:20:45+00,28.2916,-16.6291,441726,0,2056,0,,,"Canarias, Spain"
-3.98779999999994,43.1828,625,Cantabria,Spain,2022/09/11 05:20:45+00,43.1828,-3.9878,157939,0,957,0,,,"Cantabria, Spain"
-3.09769999999997,39.2796000000001,626,Castilla - La Mancha,Spain,2022/09/11 05:20:45+00,39.2796,-3.0977,588629,0,7801,0,,,"Castilla - La Mancha, Spain"
-4.39759999999995,41.8357,627,Castilla y Leon,Spain,2022/09/11 05:20:45+00,41.8357,-4.3976,818435,0,9149,0,,,"Castilla y Leon, Spain"
1.52090000000004,41.5912000000001,628,Catalonia,Spain,2022/09/11 05:20:45+00,41.5912,1.5209,2628224,0,20484,0,,,"Catalonia, Spain"
-5.32129999999995,35.8894000000001,629,Ceuta,Spain,2022/09/11 05:20:45+00,35.8894,-5.3213,24224,0,187,0,,,"Ceuta, Spain"
-6.06789999999995,39.4937,630,Extremadura,Spain,2022/09/11 05:20:45+00,39.4937,-6.0679,302530,0,2621,0,,,"Extremadura, Spain"
-8.13389999999993,42.5751000000001,631,Galicia,Spain,2022/09/11 05:20:45+00,42.5751,-8.1339,726049,0,3884,0,,,"Galicia, Spain"
-2.53959999999995,42.2871000000001,632,La Rioja,Spain,2022/09/11 05:20:45+00,42.2871,-2.5396,108475,0,948,0,,,"La Rioja, Spain"
-3.70379999999994,40.4168000000001,633,Madrid,Spain,2022/09/11 05:20:45+00,40.4168,-3.7038,1917914,0,19228,0,,,"Madrid, Spain"
-2.93809999999996,35.2923000000001,634,Melilla,Spain,2022/09/11 05:20:45+00,35.2923,-2.9381,24709,0,167,0,,,"Melilla, Spain"
-1.13069999999993,37.9922,635,Murcia,Spain,2022/09/11 05:20:45+00,37.9922,-1.1307,454763,0,2441,0,,,"Murcia, Spain"
-1.67609999999996,42.6954000000001,636,Navarra,Spain,2022/09/11 05:20:45+00,42.6954,-1.6761,255170,0,1702,0,,,"Navarra, Spain"
-2.61889999999994,42.9896000000001,637,Pais Vasco,Spain,2022/09/11 05:20:45+00,42.9896,-2.6189,770992,0,7268,0,,,"Pais Vasco, Spain"
,,638,Unknown,Spain,2022/09/11 05:20:45+00,,,0,0,0,0,,,"Unknown, Spain"
80.771797,7.87305400000002,639,,Sri Lanka,2022/09/11 05:20:45+00,7.873054,80.771797,670408,0,16727,0,,,Sri Lanka
30.2176000000001,12.8628,640,,Sudan,2022/09/11 05:20:45+00,12.8628,30.2176,63270,0,4961,0,,,Sudan
139.7737,35.6491,641,,Summer Olympics 2020,2022/09/11 05:20:45+00,35.6491,139.7737,865,0,0,0,,,Summer Olympics 2020
-56.0278,3.91930000000002,642,,Suriname,2022/09/11 05:20:45+00,3.9193,-56.0278,81057,0,1384,0,,,Suriname
15.018,56.2784,643,Blekinge,Sweden,2022/09/11 05:20:45+00,56.2784,15.018,30455,0,178,0,,,"Blekinge, Sweden"
14.6664000000001,61.0917000000001,644,Dalarna,Sweden,2022/09/11 05:20:45+00,61.0917,14.6664,73732,0,520,0,,,"Dalarna, Sweden"
16.1534,61.3012000000001,645,Gavleborg,Sweden,2022/09/11 05:20:45+00,61.3012,16.1534,74444,0,732,0,,,"Gavleborg, Sweden"
18.4867,57.4684,646,Gotland,Sweden,2022/09/11 05:20:45+00,57.4684,18.4867,11752,0,76,0,,,"Gotland, Sweden"
12.8034000000001,56.8967000000001,647,Halland,Sweden,2022/09/11 05:20:45+00,56.8967,12.8034,107736,0,482,0,,,"Halland, Sweden"
14.9592000000001,63.1712000000001,648,Jamtland Harjedalen,Sweden,2022/09/11 05:20:45+00,63.1712,14.9592,34020,0,192,0,,,"Jamtland Harjedalen, Sweden"
14.3439000000001,57.3708,649,Jonkoping,Sweden,2022/09/11 05:20:45+00,57.3708,14.3439,88507,0,720,0,,,"Jonkoping, Sweden"
16.1849,57.2350000000001,650,Kalmar,Sweden,2022/09/11 05:20:45+00,57.235,16.1849,61588,0,369,0,,,"Kalmar, Sweden"
14.4115,56.7183000000001,651,Kronoberg,Sweden,2022/09/11 05:20:45+00,56.7183,14.4115,50774,0,403,0,,,"Kronoberg, Sweden"
20.3992000000001,66.8309,652,Norrbotten,Sweden,2022/09/11 05:20:45+00,66.8309,20.3992,50192,0,442,0,,,"Norrbotten, Sweden"
15.0066,59.5350000000001,653,Orebro,Sweden,2022/09/11 05:20:45+00,59.535,15.0066,96797,0,513,0,,,"Orebro, Sweden"
15.5198,58.3454,654,Ostergotland,Sweden,2022/09/11 05:20:45+00,58.3454,15.5198,97356,0,856,0,,,"Ostergotland, Sweden"
13.5958000000001,55.9903,655,Skane,Sweden,2022/09/11 05:20:45+00,55.9903,13.5958,344180,0,2515,0,,,"Skane, Sweden"
16.7519,59.0336,656,Sormland,Sweden,2022/09/11 05:20:45+00,59.0336,16.7519,66711,0,635,0,,,"Sormland, Sweden"
18.1384,59.6025000000001,657,Stockholm,Sweden,2022/09/11 05:20:45+00,59.6025,18.1384,591509,0,5490,0,,,"Stockholm, Sweden"
17.2715000000001,60.0092000000001,658,Uppsala,Sweden,2022/09/11 05:20:45+00,60.0092,17.2715,92584,0,708,0,,,"Uppsala, Sweden"
13.2354,59.7294000000001,659,Varmland,Sweden,2022/09/11 05:20:45+00,59.7294,13.2354,67980,0,381,0,,,"Varmland, Sweden"
16.5162,65.3337000000001,660,Vasterbotten,Sweden,2022/09/11 05:20:45+00,65.3337,16.5162,58899,0,362,0,,,"Vasterbotten, Sweden"
17.7292,63.4276,661,Vasternorrland,Sweden,2022/09/11 05:20:45+00,63.4276,17.7292,55316,0,654,0,,,"Vasternorrland, Sweden"
16.2159,59.6714000000001,662,Vastmanland,Sweden,2022/09/11 05:20:45+00,59.6714,16.2159,77741,0,517,0,,,"Vastmanland, Sweden"
13.0596,58.2528,663,Vastra Gotaland,Sweden,2022/09/11 05:20:45+00,58.2528,13.0596,441275,0,3261,0,,,"Vastra Gotaland, Sweden"
8.22750000000002,46.8182,664,,Switzerland,2022/09/11 05:20:45+00,46.8182,8.2275,4059532,0,13987,0,,,Switzerland
38.996815,34.8020750000001,665,,Syria,2022/09/11 05:20:45+00,34.802075,38.996815,57144,0,3163,0,,,Syria
121.0,23.7,666,,Taiwan*,2022/09/11 05:20:45+00,23.7,121,5650028,0,10255,0,,,Taiwan*
71.2761,38.861,667,,Tajikistan,2022/09/11 05:20:45+00,38.861,71.2761,17786,0,125,0,,,Tajikistan
34.8888220000001,-6.36902799999996,668,,Tanzania,2022/09/11 05:20:45+00,-6.369028,34.888822,39168,0,845,0,,,Tanzania
100.992541,15.870032,669,,Thailand,2022/09/11 05:20:45+00,15.870032,100.992541,4667546,0,32539,0,,,Thailand
125.727539,-8.87421699999993,670,,Timor-Leste,2022/09/11 05:20:45+00,-8.874217,125.727539,23217,0,138,0,,,Timor-Leste
0.8248,8.61950000000007,671,,Togo,2022/09/11 05:20:45+00,8.6195,0.8248,38614,0,284,0,,,Togo
-175.1982,-21.179,672,,Tonga,2022/09/11 05:20:45+00,-21.179,-175.1982,16182,0,12,0,,,Tonga
-61.2225,10.6918000000001,673,,Trinidad and Tobago,2022/09/11 05:20:45+00,10.6918,-61.2225,181206,0,4168,0,,,Trinidad and Tobago
9.53749900000003,33.886917,674,,Tunisia,2022/09/11 05:20:45+00,33.886917,9.537499,1144824,0,29238,0,,,Tunisia
35.2433,38.9637000000001,675,,Turkey,2022/09/11 05:20:45+00,38.9637,35.2433,16797750,0,100840,0,,,Turkey
32.2902750000001,1.37333300000006,676,,Uganda,2022/09/11 05:20:45+00,1.373333,32.290275,169396,0,3628,0,,,Uganda
32.0598000000001,49.4444,677,Cherkasy Oblast,Ukraine,2022/09/11 05:20:45+00,49.4444,32.0598,163768,0,2973,0,,,"Cherkasy Oblast, Ukraine"
31.2893,51.4982000000001,678,Chernihiv Oblast,Ukraine,2022/09/11 05:20:45+00,51.4982,31.2893,126202,0,2751,0,,,"Chernihiv Oblast, Ukraine"
25.9352000000001,48.2917,679,Chernivtsi Oblast,Ukraine,2022/09/11 05:20:45+00,48.2917,25.9352,150465,0,3290,0,,,"Chernivtsi Oblast, Ukraine"
34.2008000000001,45.2835000000001,680,Crimea Republic*,Ukraine,2022/09/11 05:20:45+00,45.2835,34.2008,199455,0,5368,0,,,"Crimea Republic*, Ukraine"
35.0462000000001,48.4647000000001,681,Dnipropetrovsk Oblast,Ukraine,2022/09/11 05:20:45+00,48.4647,35.0462,303551,0,9454,0,,,"Dnipropetrovsk Oblast, Ukraine"
37.8028,48.0159,682,Donetsk Oblast,Ukraine,2022/09/11 05:20:45+00,48.0159,37.8028,216052,0,5607,0,,,"Donetsk Oblast, Ukraine"
24.7111,48.9226,683,Ivano-Frankivsk Oblast,Ukraine,2022/09/11 05:20:45+00,48.9226,24.7111,181629,0,3476,0,,,"Ivano-Frankivsk Oblast, Ukraine"
36.2304,49.9935,684,Kharkiv Oblast,Ukraine,2022/09/11 05:20:45+00,49.9935,36.2304,305661,0,6858,0,,,"Kharkiv Oblast, Ukraine"
32.6169,46.6354000000001,685,Kherson Oblast,Ukraine,2022/09/11 05:20:45+00,46.6354,32.6169,107686,0,2881,0,,,"Kherson Oblast, Ukraine"
26.9871000000001,49.4230000000001,686,Khmelnytskyi Oblast,Ukraine,2022/09/11 05:20:45+00,49.423,26.9871,201270,0,3703,0,,,"Khmelnytskyi Oblast, Ukraine"
30.5234,50.4501000000001,687,Kiev,Ukraine,2022/09/11 05:20:45+00,50.4501,30.5234,445098,0,8966,0,,,"Kiev, Ukraine"
30.7667000000001,50.0530000000001,688,Kiev Oblast,Ukraine,2022/09/11 05:20:45+00,50.053,30.7667,226220,0,5019,0,,,"Kiev Oblast, Ukraine"
32.2623,48.5079000000001,689,Kirovohrad Oblast,Ukraine,2022/09/11 05:20:45+00,48.5079,32.2623,45117,0,1741,0,,,"Kirovohrad Oblast, Ukraine"
39.3078,48.5740000000001,690,Luhansk Oblast,Ukraine,2022/09/11 05:20:45+00,48.574,39.3078,80033,0,2392,0,,,"Luhansk Oblast, Ukraine"
24.0297,49.8397000000001,691,Lviv Oblast,Ukraine,2022/09/11 05:20:45+00,49.8397,24.0297,303357,0,6569,0,,,"Lviv Oblast, Ukraine"
31.9946,46.9750000000001,692,Mykolaiv Oblast,Ukraine,2022/09/11 05:20:45+00,46.975,31.9946,146174,0,3530,0,,,"Mykolaiv Oblast, Ukraine"
30.7326,46.4846000000001,693,Odessa Oblast,Ukraine,2022/09/11 05:20:45+00,46.4846,30.7326,325462,0,5917,0,,,"Odessa Oblast, Ukraine"
34.5514000000001,49.5883000000001,694,Poltava Oblast,Ukraine,2022/09/11 05:20:45+00,49.5883,34.5514,179994,0,4181,0,,,"Poltava Oblast, Ukraine"
26.2516000000001,50.6199,695,Rivne Oblast,Ukraine,2022/09/11 05:20:45+00,50.6199,26.2516,171031,0,2530,0,,,"Rivne Oblast, Ukraine"
33.522,44.6054,696,Sevastopol*,Ukraine,2022/09/11 05:20:45+00,44.6054,33.522,91770,0,2432,0,,,"Sevastopol*, Ukraine"
34.7981,50.9077,697,Sumy Oblast,Ukraine,2022/09/11 05:20:45+00,50.9077,34.7981,182268,0,3208,0,,,"Sumy Oblast, Ukraine"
25.5948000000001,49.5535,698,Ternopil Oblast,Ukraine,2022/09/11 05:20:45+00,49.5535,25.5948,146363,0,2391,0,,,"Ternopil Oblast, Ukraine"
,,699,Unknown,Ukraine,2022/09/11 05:20:45+00,,,262909,0,3380,0,,,"Unknown, Ukraine"
28.4682,49.2331,700,Vinnytsia Oblast,Ukraine,2022/09/11 05:20:45+00,49.2331,28.4682,149845,0,3546,0,,,"Vinnytsia Oblast, Ukraine"
25.3254000000001,50.7472000000001,701,Volyn Oblast,Ukraine,2022/09/11 05:20:45+00,50.7472,25.3254,132045,0,2394,0,,,"Volyn Oblast, Ukraine"
22.2879,48.6208,702,Zakarpattia Oblast,Ukraine,2022/09/11 05:20:45+00,48.6208,22.2879,112462,0,2724,0,,,"Zakarpattia Oblast, Ukraine"
35.1396,47.8388,703,Zaporizhia Oblast,Ukraine,2022/09/11 05:20:45+00,47.8388,35.1396,215070,0,5866,0,,,"Zaporizhia Oblast, Ukraine"
28.6587000000001,50.2547000000001,704,Zhytomyr Oblast,Ukraine,2022/09/11 05:20:45+00,50.2547,28.6587,192801,0,3538,0,,,"Zhytomyr Oblast, Ukraine"
53.8478180000001,23.4240760000001,705,,United Arab Emirates,2022/09/11 05:20:45+00,23.424076,53.847818,1019625,0,2342,0,,,United Arab Emirates
-63.0685999999999,18.2206,706,Anguilla,United Kingdom,2022/09/11 05:20:45+00,18.2206,-63.0686,3851,0,12,0,,,"Anguilla, United Kingdom"
-64.7505,32.3078,707,Bermuda,United Kingdom,2022/09/11 05:20:45+00,32.3078,-64.7505,18019,0,148,0,,,"Bermuda, United Kingdom"
-64.64,18.4207000000001,708,British Virgin Islands,United Kingdom,2022/09/11 05:20:45+00,18.4207,-64.64,7305,0,64,0,,,"British Virgin Islands, United Kingdom"
-81.2546,19.3133,709,Cayman Islands,United Kingdom,2022/09/11 05:20:45+00,19.3133,-81.2546,30214,0,29,0,,,"Cayman Islands, United Kingdom"
-2.36439999999993,49.3723000000001,710,Channel Islands,United Kingdom,2022/09/11 05:20:45+00,49.3723,-2.3644,0,0,0,0,,,"Channel Islands, United Kingdom"
-1.17429999999996,52.3555000000001,711,England,United Kingdom,2022/09/11 05:20:45+00,52.3555,-1.1743,19861556,0,174576,0,,,"England, United Kingdom"
-59.5236,-51.7963,712,Falkland Islands (Malvinas),United Kingdom,2022/09/11 05:20:45+00,-51.7963,-59.5236,1886,0,0,0,,,"Falkland Islands (Malvinas), United Kingdom"
-5.35359999999997,36.1408000000001,713,Gibraltar,United Kingdom,2022/09/11 05:20:45+00,36.1408,-5.3536,20069,0,108,0,,,"Gibraltar, United Kingdom"
-2.58948999999996,49.4481960000001,714,Guernsey,United Kingdom,2022/09/11 05:20:45+00,49.448196,-2.58949,30883,0,62,0,,,"Guernsey, United Kingdom"
-4.54809999999998,54.2361000000001,715,Isle of Man,United Kingdom,2022/09/11 05:20:45+00,54.2361,-4.5481,38008,0,116,0,,,"Isle of Man, United Kingdom"
-2.13579999999996,49.2138,716,Jersey,United Kingdom,2022/09/11 05:20:45+00,49.2138,-2.1358,59163,0,136,0,,,"Jersey, United Kingdom"
-62.1873659999999,16.7424980000001,717,Montserrat,United Kingdom,2022/09/11 05:20:45+00,16.742498,-62.187366,1276,0,8,0,,,"Montserrat, United Kingdom"
-6.49229999999994,54.7877,718,Northern Ireland,United Kingdom,2022/09/11 05:20:45+00,54.7877,-6.4923,713294,0,4831,0,,,"Northern Ireland, United Kingdom"
-14.3559,-7.94669999999996,719,"Saint Helena, Ascension and Tristan da Cunha",United Kingdom,2022/09/11 05:20:45+00,-7.9467,-14.3559,7,0,0,0,,,"Saint Helena, Ascension and Tristan da Cunha, United Kingdom"
-4.20259999999996,56.4907000000001,720,Scotland,United Kingdom,2022/09/11 05:20:45+00,56.4907,-4.2026,2095171,0,15588,0,,,"Scotland, United Kingdom"
-71.7979,21.6940000000001,721,Turks and Caicos Islands,United Kingdom,2022/09/11 05:20:45+00,21.694,-71.7979,6372,0,36,0,,,"Turks and Caicos Islands, United Kingdom"
,,722,Unknown,United Kingdom,2022/09/11 05:20:45+00,,,0,0,314,0,,,"Unknown, United Kingdom"
-3.78369999999995,52.1307,723,Wales,United Kingdom,2022/09/11 05:20:45+00,52.1307,-3.7837,884498,0,10723,0,,,"Wales, United Kingdom"
-55.7658,-32.5228,724,,Uruguay,2022/09/11 05:20:45+00,-32.5228,-55.7658,981186,0,7455,0,,,Uruguay
64.5852620000001,41.3774910000001,725,,Uzbekistan,2022/09/11 05:20:45+00,41.377491,64.585262,243893,0,1637,0,,,Uzbekistan
166.9592,-15.3767,726,,Vanuatu,2022/09/11 05:20:45+00,-15.3767,166.9592,11908,0,14,0,,,Vanuatu
-66.5896999999999,6.42380000000003,727,,Venezuela,2022/09/11 05:20:45+00,6.4238,-66.5897,543759,0,5807,0,,,Venezuela
108.277199,14.058324,728,,Vietnam,2022/09/11 05:20:45+00,14.058324,108.277199,11437970,0,43126,0,,,Vietnam
35.2332000000001,31.9522000000001,729,,West Bank and Gaza,2022/09/11 05:20:45+00,31.9522,35.2332,702591,0,5706,0,,,West Bank and Gaza
116.4074,39.9042000000001,730,,Winter Olympics 2022,2022/09/11 05:20:45+00,39.9042,116.4074,535,0,0,0,,,Winter Olympics 2022
48.5163880000001,15.5527270000001,731,,Yemen,2022/09/11 05:20:45+00,15.552727,48.516388,11932,0,2155,0,,,Yemen
27.8493320000001,-13.1338969999999,732,,Zambia,2022/09/11 05:20:45+00,-13.133897,27.849332,333220,0,4017,0,,,Zambia
29.154857,-19.015438,733,,Zimbabwe,2022/09/11 05:20:45+00,-19.015438,29.154857,256870,0,5596,0,,,Zimbabwe
-89.6786959999999,32.7416460000001,734,Mississippi,US,2022/09/11 05:20:45+00,32.741646,-89.678696,918874,0,12821,0,,28,"Mississippi, US"
-122.665479,37.64894,735,Grand Princess,US,2020/08/04 02:27:56+00,37.64894,-122.665479,103,0,3,0,,,"Grand Princess, US"
-96.928917,35.565342,736,Oklahoma,US,2022/09/11 05:20:45+00,35.565342,-96.928917,1182071,0,16759,0,,40,"Oklahoma, US"
-75.5071409999999,39.318523,737,Delaware,US,2022/09/11 05:20:45+00,39.318523,-75.507141,304393,0,3080,0,,10,"Delaware, US"
-93.9001919999999,45.6944540000001,738,Minnesota,US,2022/09/11 05:20:45+00,45.694454,-93.900192,1645653,0,13509,0,,27,"Minnesota, US"
-88.986137,40.349457,739,Illinois,US,2022/09/11 05:20:45+00,40.349457,-88.986137,3716318,0,39445,0,,17,"Illinois, US"
-92.373123,34.969704,740,Arkansas,US,2022/09/11 05:20:45+00,34.969704,-92.373123,941464,0,11961,0,,05,"Arkansas, US"
-106.248482,34.840515,741,New Mexico,US,2022/09/11 05:20:45+00,34.840515,-106.248482,613896,0,8483,0,,35,"New Mexico, US"
-86.258278,39.8494260000001,742,Indiana,US,2022/09/11 05:20:45+00,39.849426,-86.258278,1908325,0,24549,0,,18,"Indiana, US"
-91.867805,31.169546,743,Louisiana,US,2022/09/11 05:20:45+00,31.169546,-91.867805,1442885,0,17923,0,,22,"Louisiana, US"
-97.563461,31.0544870000001,744,Texas,US,2022/09/11 05:20:45+00,31.054487,-97.563461,7912298,0,90495,0,,48,"Texas, US"
-89.616508,44.2685430000001,745,Wisconsin,US,2022/09/11 05:20:45+00,44.268543,-89.616508,1843251,0,15120,0,,55,"Wisconsin, US"
-96.726486,38.5266,746,Kansas,US,2022/09/11 05:20:45+00,38.5266,-96.726486,869254,0,9029,0,,20,"Kansas, US"
0.0,0.0,747,Recovered,US,2022/09/11 05:20:45+00,0,0,0,0,0,0,,,"Recovered, US"
-170.132,-14.271,748,American Samoa,US,2022/09/11 05:20:45+00,-14.271,-170.132,8217,0,34,0,,,"American Samoa, US"
-72.755371,41.5977820000001,749,Connecticut,US,2022/09/11 05:20:45+00,41.597782,-72.755371,881252,0,11299,0,,09,"Connecticut, US"
-64.8962999999999,18.3358000000001,750,Virgin Islands,US,2022/09/11 05:20:45+00,18.3358,-64.8963,22926,0,122,0,,,"Virgin Islands, US"
-119.681564,36.116203,751,California,US,2022/09/11 05:20:45+00,36.116203,-119.681564,11166567,0,95311,0,,06,"California, US"
-66.5900999999999,18.2208000000001,752,Puerto Rico,US,2022/09/11 05:20:45+00,18.2208,-66.5901,938654,0,5033,0,,72,"Puerto Rico, US"
-83.643074,33.040619,753,Georgia,US,2022/09/11 05:20:45+00,33.040619,-83.643074,2883318,0,39875,0,,13,"Georgia, US"
-99.784012,47.528912,754,North Dakota,US,2022/09/11 05:20:45+00,47.528912,-99.784012,266273,0,2354,0,,38,"North Dakota, US"
-77.209755,40.5907520000001,755,Pennsylvania,US,2022/09/11 05:20:45+00,40.590752,-77.209755,3202811,0,46831,0,,42,"Pennsylvania, US"
-80.9544529999999,38.491226,756,West Virginia,US,2022/09/11 05:20:45+00,38.491226,-80.954453,590441,0,7322,0,,54,"West Virginia, US"
-152.404419,61.3707160000001,757,Alaska,US,2022/09/11 05:20:45+00,61.370716,-152.404419,295596,0,1338,0,,02,"Alaska, US"
-86.692345,35.747845,758,Tennessee,US,2022/09/11 05:20:45+00,35.747845,-86.692345,2314687,0,27532,0,,47,"Tennessee, US"
-64.9329999999999,18.35,759,United States Virgin Islands,US,,18.35,-64.933,0,0,0,0,,,"United States Virgin Islands, US"
-92.288368,38.456085,760,Missouri,US,2022/09/11 05:20:45+00,38.456085,-92.288368,1635859,0,21560,0,,29,"Missouri, US"
-99.4388279999999,44.2997820000001,761,South Dakota,US,2022/09/11 05:20:45+00,44.299782,-99.438828,258510,0,3002,0,,46,"South Dakota, US"
-105.311104,39.059811,762,Colorado,US,2022/09/11 05:20:45+00,39.059811,-105.311104,1639422,0,13207,0,,08,"Colorado, US"
-74.521011,40.2989040000001,763,New Jersey,US,2022/09/11 05:20:45+00,40.298904,-74.521011,2696672,0,34623,0,,34,"New Jersey, US"
144.7937,13.4443000000001,764,Guam,US,2022/09/11 05:20:45+00,13.4443,144.7937,58221,0,394,0,,,"Guam, US"
-121.490494,47.400902,765,Washington,US,2022/09/11 05:20:45+00,47.400902,-121.490494,1793565,0,14122,0,,53,"Washington, US"
-74.948051,42.1657260000001,766,New York,US,2022/09/11 05:20:45+00,42.165726,-74.948051,6024729,0,71311,0,,36,"New York, US"
-117.055374,38.3135150000001,767,Nevada,US,2022/09/11 05:20:45+00,38.313515,-117.055374,835618,0,11417,0,,32,"Nevada, US"
145.6739,15.0979,768,Northern Mariana Islands,US,2022/09/11 05:20:45+00,15.0979,145.6739,13147,0,40,0,,,"Northern Mariana Islands, US"
139.638,35.4437,769,Diamond Princess,US,2020/08/04 02:27:56+00,35.4437,139.638,49,0,0,0,,,"Diamond Princess, US"
-76.8021009999999,39.063946,770,Maryland,US,2022/09/11 05:20:45+00,39.063946,-76.802101,1231823,0,15247,0,,24,"Maryland, US"
-114.478828,44.240459,771,Idaho,US,2022/09/11 05:20:45+00,44.240459,-114.478828,491564,0,5131,0,,16,"Idaho, US"
-107.30249,42.7559660000001,772,Wyoming,US,2022/09/11 05:20:45+00,42.755966,-107.30249,175290,0,1884,0,,56,"Wyoming, US"
-111.431221,33.7297590000001,773,Arizona,US,2022/09/11 05:20:45+00,33.729759,-111.431221,2258040,0,31162,0,,04,"Arizona, US"
-93.210526,42.011539,774,Iowa,US,2022/09/11 05:20:45+00,42.011539,-93.210526,847235,0,9968,0,,19,"Iowa, US"
-84.536095,43.3266180000001,775,Michigan,US,2022/09/11 05:20:45+00,43.326618,-84.536095,2786213,0,38121,0,,26,"Michigan, US"
-111.862434,40.1500320000001,776,Utah,US,2022/09/11 05:20:45+00,40.150032,-111.862434,1032129,0,4989,0,,49,"Utah, US"
-78.169968,37.7693370000001,777,Virginia,US,2022/09/11 05:20:45+00,37.769337,-78.169968,2058582,0,21587,0,,51,"Virginia, US"
-122.070938,44.5720210000001,778,Oregon,US,2022/09/11 05:20:45+00,44.572021,-122.070938,883368,0,8471,0,,41,"Oregon, US"
-110.454353,46.921925,779,Montana,US,2022/09/11 05:20:45+00,46.921925,-110.454353,306709,0,3509,0,,30,"Montana, US"
-71.5638959999999,43.4524920000001,780,New Hampshire,US,2022/09/11 05:20:45+00,43.452492,-71.563896,346016,0,2671,0,,33,"New Hampshire, US"
-71.5301059999999,42.230171,781,Massachusetts,US,2022/09/11 05:20:45+00,42.230171,-71.530106,2021331,0,21536,0,,25,"Massachusetts, US"
-80.945007,33.8568920000001,782,South Carolina,US,2022/09/11 05:20:45+00,33.856892,-80.945007,1687640,0,18299,0,,45,"South Carolina, US"
-72.710686,44.0458760000001,783,Vermont,US,2022/09/11 05:20:45+00,44.045876,-72.710686,140740,0,715,0,,50,"Vermont, US"
-81.6867829999999,27.7662790000001,784,Florida,US,2022/09/11 05:20:45+00,27.766279,-81.686783,7108060,0,80408,0,,12,"Florida, US"
-157.498337,21.094318,785,Hawaii,US,2022/09/11 05:20:45+00,21.094318,-157.498337,340729,0,1655,0,,15,"Hawaii, US"
-84.670067,37.6681400000001,786,Kentucky,US,2022/09/11 05:20:45+00,37.66814,-84.670067,1554928,0,16808,0,,21,"Kentucky, US"
-71.51178,41.680893,787,Rhode Island,US,2022/09/11 05:20:45+00,41.680893,-71.51178,420175,0,3652,0,,44,"Rhode Island, US"
-98.2680819999999,41.12537,788,Nebraska,US,2022/09/11 05:20:45+00,41.12537,-98.268082,533046,0,4488,0,,31,"Nebraska, US"
-82.764915,40.388783,789,Ohio,US,2022/09/11 05:20:45+00,40.388783,-82.764915,3096557,0,39576,0,,39,"Ohio, US"
-86.9023,32.3182,790,Alabama,US,2022/09/11 05:20:45+00,32.3182,-86.9023,1504180,0,20239,0,,01,"Alabama, US"
-79.8064189999999,35.6300660000001,791,North Carolina,US,2022/09/11 05:20:45+00,35.630066,-79.806419,3141302,0,26365,0,,37,"North Carolina, US"
-77.0268169999999,38.8974380000001,792,District of Columbia,US,2022/09/11 05:20:45+00,38.897438,-77.026817,166893,0,1382,0,,11,"District of Columbia, US"
-69.381927,44.693947,793,Maine,US,2022/09/11 05:20:45+00,44.693947,-69.381927,284881,0,2551,0,,23,"Maine, US"
